Address,Adopter,Archived,Chlorosis,City,Client Site,Code,Common Name,Community,Crown Condition,Crown Dieback,Crown Exposure,Crown Light Exposure,Cultivar,Date Added,Date Planted,DBH,DBH Range,DBH Stem 1,DBH Stem 2,DBH Stem 3,DBH Stem 4,DBH Stem 5,DBH Stem 6,Email,Family,Genus,Geometry,Has Ecobenefits,Height Range,Height To Crown,Inspection Cycle,Last Inspection,Last Modified,Last Modified User,Latin Name,Latitude,Longitude,Lower Trunk Damage,Main Partner,Mulching,Next Inspection,Number of Stems (Multi Calc),Nursery,Other Damage,Phone,Planting Status,Positive Contact at planting?,Primary Grant Funder,Primary ID,Project Name,Project Specific Funder,Pruning,Reinventory Caliper,Reinventory Condition,Reinventory DBH,Root Flare,Season,Site Type,Staking,Status,Tag,Tree Height (Estimated),Tree Id,Tree Work-Other,Tree Work-PHC,Tree Work-Pruning,User
,,No,,,TK Inventory,ACRU,Red maple,,Good,,,Crown is fully exposed to light.,,,,1,0-3in,,,,,,,,,Acer,0101000020110F0000F6F563D3699862C153086F01F4915341,No,N/A,,,,,,Acer rubrum,41.79413799999998,-87.579691,,,,,,,,,,,,189023,,,,,Good,,,,,,Alive,,,,,,,molly
,,No,,,TK Inventory,ACRU,Red maple,,Good,,,Crown is fully exposed to light.,,,,3,3-6in,,,,,,,,,Acer,0101000020110F000028D99752599862C14555910D0D925341,No,N/A,,,,,,Acer rubrum,41.794809,-87.578505,,,,,,,,,,,,189022,,,,,Good,,,,,,Alive,,,,,,,molly
,,No,,,TK Inventory,TICO,Littleleaf linden,,Good,,,Crown is fully exposed to light.,,,,1,0-3in,,,,,,,,,Tilia,0101000020110F00000208CE665E9862C1E033FFB004925341,No,N/A,,,,,,Tilia cordata,41.79458499999998,-87.57887,,,,,,,,,,,,189021,,,,,Good,,,,,,Alive,,,,,,,molly
,,No,,,TK Inventory,TICO,Littleleaf linden,,Good,,,Crown is fully exposed to light.,,,,1,0-3in,,,,,,,,,Tilia,0101000020110F00001E4C2DFD679862C1DF32A526EA915341,No,N/A,,,,,,Tilia cordata,41.79387399999999,-87.579559,,,,,,,,,,,,189020,,,,,Good,,,,,,Alive,,,,,,,molly
,,No,,,TK Inventory,ACSA2,Sugar maple,,Good,,,Crown is fully exposed to light.,,,,12,12-18in,,,,,,,,,Acer,0101000020110F000093C9893C5F9862C15F5469A302925341,No,N/A,,,,,,Acer saccharum,41.79452999999999,-87.57893,,,,,,,,,,,,189019,,,,,Good,,,,,,Alive,,,,,,,molly
,,No,,,TK Inventory,ACSA2,Sugar maple,,Good,,,Crown is fully exposed to light.,,,,24,24-30in,,,,,,,,,Acer,0101000020110F0000DC3BC2DE639862C16086A97DF4915341,No,N/A,,,,,,Acer saccharum,41.794151,-87.579263,,,,,,,,,,,,189018,,,,,Good,,,,,,Alive,,,,,,,molly
,,No,,,TK Inventory,ACSA2,Sugar maple,,Good,,,Crown is fully exposed to light.,,,,6,6-12in,,,,,,,,,Acer,0101000020110F0000B2BD85E25C9862C11819EAA106925341,No,N/A,,,,,,Acer saccharum,41.79463700000001,-87.578761,,,,,,,,,,,,189017,,,,,Good,,,,,,Alive,,,,,,,molly
,,No,,,TK Inventory,OSVI,American hophornbeam,,Poor,,,Two sides of the crown are exposed to light.,,,,6,6-12in,,,,,,,,,Ostrya,0101000020110F0000A165B171579862C18C28CC890D925341,No,N/A,,,,,,Ostrya virginiana,41.794821999999996,-87.57837,,,,,,,,,,,,189016,,,,,Good,,,,,,Alive,,,,,,,molly
,,No,,,TK Inventory,ULS,Elm,,Good,,,Three sides of the crown are exposed to light.,,,,12,12-18in,,,,,,,,,Ulmus,0101000020110F0000829EE601639862C1FFA910C1F9915341,No,N/A,,,,,,Ulmus,41.79429199999999,-87.579201,,,,,,,,,,,,189015,,,,,Good,,,,,,Alive,,,,,,,molly
,,No,,,TK Inventory,TIAM,American linden,,Good,,,Three sides of the crown are exposed to light.,,,,24,24-30in,,,,,,,,,Tilia,0101000020110F000005BB94753A9862C1A921C3BC2B925341,No,N/A,,,,,,Tilia americana,41.795630999999986,-87.576287,,,,,,,,,,,,189014,,,,,Good,,,,,,Alive,,,,,,,molly
,,No,,,TK Inventory,ULS,Elm,,Good,,,Four sides of the crown are exposed to light.,,,,6,6-12in,,,,,,,,,Ulmus,0101000020110F00000DF4588C629862C1201194C1FE915341,No,N/A,,,,,,Ulmus,41.79442599999999,-87.579168,,,,,,,,,,,,189013,,,,,Good,,,,,,Alive,,,,,,,molly
,,No,,,TK Inventory,ULS,Elm,,Good,,,Four sides of the crown are exposed to light.,,,,6,6-12in,,,,,,,,,Ulmus,0101000020110F00006BA5AFAC6A9862C16E6C7D5C00925341,No,N/A,,,,,,Ulmus,41.794469,-87.579752,,,,,,,,,,,,189012,,,,,Good,,,,,,Alive,,,,,,,molly
,,No,,,TK Inventory,ACSA2,Sugar maple,,Good,,,Four sides of the crown are exposed to light.,,,,6,6-12in,,,,,,,,,Acer,0101000020110F000056F83633539862C10DAF9CB816925341,No,N/A,,,,,,Acer saccharum,41.795068,-87.578065,,,,,,,,,,,,189011,,,,,Good,,,,,,Alive,,,,,,,molly
,,No,,,TK Inventory,ACSA2,Sugar maple,,Good,,,Four sides of the crown are exposed to light.,,,,6,6-12in,,,,,,,,,Acer,0101000020110F0000444894BA539862C187BC613C16925341,No,N/A,,,,,,Acer saccharum,41.795055000000005,-87.578103,,,,,,,,,,,,189010,,,,,Good,,,,,,Alive,,,,,,,molly
,,No,,,TK Inventory,ACSA2,Sugar maple,,Good,,,Four sides of the crown are exposed to light.,,,,6,6-12in,,,,,,,,,Acer,0101000020110F0000D7930D32589862C13A832AC70F925341,No,N/A,,,,,,Acer saccharum,41.794882000000015,-87.578424,,,,,,,,,,,,189009,,,,,Good,,,,,,Alive,,,,,,,molly
,,No,,,TK Inventory,ACSA2,Sugar maple,,Good,,,Four sides of the crown are exposed to light.,,,,6,6-12in,,,,,,,,,Acer,0101000020110F000015BD2E435E9862C1EA33B32707925341,No,N/A,,,,,,Acer saccharum,41.79465099999999,-87.57886,,,,,,,,,,,,189008,,,,,Good,,,,,,Alive,,,,,,,molly
,,No,,,TK Inventory,QUMA1,Bur oak,,Good,,,Crown is fully exposed to light.,,,,6,6-12in,,,,,,,,,Quercus,0101000020110F00001208D4CF699862C18749302DDF915341,No,N/A,,,,,,Quercus macrocarpa,41.79358,-87.57969,,,,,,,,,,,,189007,,,,,Good,,,,,,Alive,,,,,,,molly
,,No,,,TK Inventory,QUBI,Swamp white oak,,Good,,,Crown is fully exposed to light.,,,,12,12-18in,,,,,,,,,Quercus,0101000020110F0000A649D17F6D9862C18CBAD94302925341,No,N/A,,,,,,Quercus bicolor,41.79452,-87.579955,,,,,,,,,,,,189006,,,,,Good,,,,,,Alive,,,,,,,molly
,,No,,,TK Inventory,TICO,Littleleaf linden,,Good,,,Crown is fully exposed to light.,,,,1,0-3in,,,,,,,,,Tilia,0101000020110F0000964A61B1319862C178E6D41135925341,No,N/A,,,,,,Tilia cordata,41.79588099999999,-87.575657,,,,,,,,,,,,189005,,,,,Good,,,,,,Alive,,,,,,,molly
,,No,,,TK Inventory,CR,Hawthorn,,Good,,,Three sides of the crown are exposed to light.,,,,3,3-6in,,,,,,,,,Crataegus,0101000020110F00005CDC5641699862C178C64EECDF915341,No,N/A,,,,,,Crataegus,41.793600000000005,-87.57965,,,,,,,,,,,,189004,,,,,Good,,,,,,Alive,,,,,,,molly
,,No,,,TK Inventory,CEOC,Common hackberry,,Good,,,Three sides of the crown are exposed to light.,,,,6,6-12in,,,,,,,,,Celtis,0101000020110F0000FD2542BD609862C1A1B110BE01925341,No,N/A,,,,,,Celtis occidentalis,41.794506,-87.579038,,,,,,,,,,,,189003,,,,,Good,,,,,,Alive,,,,,,,molly
,,No,,,TK Inventory,CEOC,Common hackberry,,Good,,,Three sides of the crown are exposed to light.,,,,6,6-12in,,,,,,,,,Celtis,0101000020110F0000BE9F9440609862C189A57EB200925341,No,N/A,,,,,,Celtis occidentalis,41.79447799999998,-87.579003,,,,,,,,,,,,189002,,,,,Good,,,,,,Alive,,,,,,,molly
,,No,,,TK Inventory,CEOC,Common hackberry,,Good,,,Three sides of the crown are exposed to light.,,,,6,6-12in,,,,,,,,,Celtis,0101000020110F0000C6062028619862C11A347C0600925341,No,N/A,,,,,,Celtis occidentalis,41.79445999999999,-87.579068,,,,,,,,,,,,189001,,,,,Good,,,,,,Alive,,,,,,,molly
,,No,,,TK Inventory,ACRU,Red maple,,Good,,,Four sides of the crown are exposed to light.,,,,3,3-6in,,,,,,,,,Acer,0101000020110F0000F42F3BD05B9862C1F49E6CF60A925341,No,N/A,,,,,,Acer rubrum,41.79475299999998,-87.578684,,,,,,,,,,,,189000,,,,,Good,,,,,,Alive,,,,,,,molly
,,No,,,TK Inventory,CR,Hawthorn,,Good,,,Four sides of the crown are exposed to light.,,,,12,12-18in,,,,,,,,,Crataegus,0101000020110F0000D78CBB693F9862C1E567CC6333925341,No,N/A,,,,,,Crataegus,41.79583599999999,-87.576643,,,,,,,,,,,,188999,,,,,Good,,,,,,Alive,,,,,,,molly
,,No,,,TK Inventory,CR,Hawthorn,,Good,,,Crown is fully exposed to light.,,,,6,6-12in,,,,,,,,,Crataegus,0101000020110F0000251AC117649862C1CF4B6DAF70925341,No,N/A,,,,,,Crataegus,41.797477999999984,-87.579279,,,,,,,,,,,,188998,,,,,Good,,,,,,Alive,,,,,,,molly
,,No,,,TK Inventory,CR,Hawthorn,,Good,,,Crown is fully exposed to light.,,,,6,6-12in,,,,,,,,,Crataegus,0101000020110F00000BFED453639862C163F1AFE26D925341,No,N/A,,,,,,Crataegus,41.797402999999996,-87.579224,,,,,,,,,,,,188997,,,,,Good,,,,,,Alive,,,,,,,molly
,,No,,,TK Inventory,CR,Hawthorn,,Fair,,,Two sides of the crown are exposed to light.,,,,3,3-6in,,,,,,,,,Crataegus,0101000020110F0000BFD183DA699862C10D96E4A5E2915341,No,N/A,,,,,,Crataegus,41.793672999999984,-87.579693,,,,,,,,,,,,188996,,,,,Good,,,,,,Alive,,,,,,,molly
,,No,,,TK Inventory,CR,Hawthorn,,Fair,,,Two sides of the crown are exposed to light.,,,,6,6-12in,,,,,,,,,Crataegus,0101000020110F0000186DCB52529862C1EDDBA36618925341,No,N/A,,,,,,Crataegus,41.79511300000001,-87.578002,,,,,,,,,,,,188995,,,,,Good,,,,,,Alive,,,,,,,molly
,,No,,,TK Inventory,CR,Hawthorn,,Fair,,,Three sides of the crown are exposed to light.,,,,3,3-6in,,,,,,,,,Crataegus,0101000020110F00001A65E3EF699862C14DE1C8E8E2915341,No,N/A,,,,,,Crataegus,41.793679999999995,-87.579699,,,,,,,,,,,,188994,,,,,Good,,,,,,Alive,,,,,,,molly
,,No,,,TK Inventory,ACRU,Red maple,,Good,,,Crown is fully exposed to light.,,,,3,3-6in,,,,,,,,,Acer,0101000020110F00007AA321B15D9862C185D6241E07925341,No,N/A,,,,,,Acer rubrum,41.79465000000001,-87.578819,,,,,,,,,,,,188993,,,,,Good,,,,,,Alive,,,,,,,molly
,,No,,,TK Inventory,ACRU,Red maple,,Good,,,Crown is fully exposed to light.,,,,3,3-6in,,,,,,,,,Acer,0101000020110F00002F7212D4639862C10084E851F6915341,No,N/A,,,,,,Acer rubrum,41.794200000000004,-87.57926,,,,,,,,,,,,188992,,,,,Good,,,,,,Alive,,,,,,,molly
,,No,,,TK Inventory,ACRU,Red maple,,Good,,,Crown is fully exposed to light.,,,,3,3-6in,,,,,,,,,Acer,0101000020110F00000E8892F5669862C1A259463CF0915341,No,N/A,,,,,,Acer rubrum,41.794036999999996,-87.579485,,,,,,,,,,,,188991,,,,,Good,,,,,,Alive,,,,,,,molly
,,No,,,TK Inventory,ACRU,Red maple,,Good,,,Crown is fully exposed to light.,,,,3,3-6in,,,,,,,,,Acer,0101000020110F00006820B06E679862C16886AF82ED915341,No,N/A,,,,,,Acer rubrum,41.79396399999999,-87.579519,,,,,,,,,,,,188990,,,,,Good,,,,,,Alive,,,,,,,molly
,,No,,,TK Inventory,AM,Serviceberry,,Poor,,,Crown is fully exposed to light.,,,,3,3-6in,,,,,,,,,Amelanchier,0101000020110F0000FAA500E35D9862C1D28DAB2305925341,No,N/A,,,,,,Amelanchier,41.794596999999996,-87.578833,,,,,,,,,,,,188989,,,,,Good,,,,,,Alive,,,,,,,molly
,,No,,,TK Inventory,TICO,Littleleaf linden,,Good,,,Crown is fully exposed to light.,,,,1,0-3in,,,,,,,,,Tilia,0101000020110F0000FDC3F7ED659862C103E2CCF56D925341,No,N/A,,,,,,Tilia cordata,41.79740499999998,-87.579411,,,,,,,,,,,,188988,,,,,Good,,,,,,Alive,,,,,,,molly
,,No,,,TK Inventory,TIAM,American linden,,Good,,,Three sides of the crown are exposed to light.,,,,24,24-30in,,,,,,,,,Tilia,0101000020110F00006EC6D0B65A9862C1540A88B30A925341,No,N/A,,,,,,Tilia americana,41.794745999999996,-87.578605,,,,,,,,,,,,188987,,,,,Good,,,,,,Alive,,,,,,,molly
,,No,,,TK Inventory,GIBI,Ginkgo,,Good,,,Three sides of the crown are exposed to light.,,,,12,12-18in,,,,,,,,,Ginkgo,0101000020110F0000D34C0DBA779862C1E58F24F333925341,No,N/A,,,,,,Ginkgo biloba,41.795851,-87.58069,,,,,,,,,,,,188986,,,,,Good,,,,,,Alive,,,,,,,molly
,,No,,,TK Inventory,ACRU,Red maple,,Good,,,Three sides of the crown are exposed to light.,,,,3,3-6in,,,,,,,,,Acer,0101000020110F000069E4440D5D9862C16CB2D73E09925341,No,N/A,,,,,,Acer rubrum,41.79470700000001,-87.578773,,,,,,,,,,,,188985,,,,,Good,,,,,,Alive,,,,,,,molly
,,No,,,TK Inventory,TIAM,American linden,,Poor,,,One side of the crown is exposed to light.,,,,24,24-30in,,,,,,,,,Tilia,0101000020110F00004B4DD5D2599862C12AFD694A0A925341,No,N/A,,,,,,Tilia americana,41.79473500000001,-87.578541,,,,,,,,,,,,188984,,,,,Good,,,,,,Alive,,,,,,,molly
,,No,,,TK Inventory,OSVI,American hophornbeam,,Poor,,,One side of the crown is exposed to light.,,,,6,6-12in,,,,,,,,,Ostrya,0101000020110F000004609C6E589862C179F779520E925341,No,N/A,,,,,,Ostrya virginiana,41.794842999999986,-87.578441,,,,,,,,,,,,188983,,,,,Good,,,,,,Alive,,,,,,,molly
,,No,,,TK Inventory,OSVI,American hophornbeam,,Poor,,,One side of the crown is exposed to light.,,,,6,6-12in,,,,,,,,,Ostrya,0101000020110F000097121E19589862C13728C4850B925341,No,N/A,,,,,,Ostrya virginiana,41.794768,-87.578417,,,,,,,,,,,,188982,,,,,Good,,,,,,Alive,,,,,,,molly
,,No,,,TK Inventory,GIBI,Ginkgo,,Good,,,Four sides of the crown are exposed to light.,,,,12,12-18in,,,,,,,,,Ginkgo,0101000020110F00007CA0F7B1759862C12C29A2A030925341,No,N/A,,,,,,Ginkgo biloba,41.795761999999996,-87.580544,,,,,,,,,,,,188981,,,,,Good,,,,,,Alive,,,,,,,molly
,,No,,,TK Inventory,GIBI,Ginkgo,,Good,,,Four sides of the crown are exposed to light.,,,,12,12-18in,,,,,,,,,Ginkgo,0101000020110F0000447C17B9759862C1CFFDFF8E2C925341,No,N/A,,,,,,Ginkgo biloba,41.795652999999994,-87.580546,,,,,,,,,,,,188980,,,,,Good,,,,,,Alive,,,,,,,molly
,,No,,,TK Inventory,GIBI,Ginkgo,,Good,,,Four sides of the crown are exposed to light.,,,,24,24-30in,,,,,,,,,Ginkgo,0101000020110F000001199CF6779862C111E8335631925341,No,N/A,,,,,,Ginkgo biloba,41.795781000000005,-87.580707,,,,,,,,,,,,188979,,,,,Good,,,,,,Alive,,,,,,,molly
,,No,,,TK Inventory,TIAM,American linden,,Good,,,Crown is fully exposed to light.,,,,1,0-3in,,,,,,,,,Tilia,0101000020110F0000A6B0D9B2689862C11C7D81B9E7915341,No,N/A,,,,,,Tilia americana,41.79380900000002,-87.57961,,,,,,,,,,,,188978,,,,,Good,,,,,,Alive,,,,,,,molly
,,No,,,TK Inventory,OSVI,American hophornbeam,,Good,,,Crown is fully exposed to light.,,,,6,6-12in,,,,,,,,,Ostrya,0101000020110F0000C21FD61A639862C1234C63F8F8915341,No,N/A,,,,,,Ostrya virginiana,41.794271000000016,-87.579208,,,,,,,,,,,,188977,,,,,Good,,,,,,Alive,,,,,,,molly
,,No,,,TK Inventory,GLTR,Honey locust,,Good,,,Crown is fully exposed to light.,,,,1,0-3in,,,,,,,,,Gleditsia,0101000020110F00002740A085549862C1C946ED9915925341,No,N/A,,,,,,Gleditsia triacanthos,41.795037999999984,-87.57816,,,,,,,,,,,,188976,,,,,Good,,,,,,Alive,,,,,,,molly
,,No,,,TK Inventory,GLTR,Honey locust,,Good,,,Crown is fully exposed to light.,,,,1,0-3in,,,,,,,,,Gleditsia,0101000020110F00004DA0E576539862C1F102764B14925341,No,N/A,,,,,,Gleditsia triacanthos,41.795003,-87.578084,,,,,,,,,,,,188975,,,,,Good,,,,,,Alive,,,,,,,molly
,,No,,,TK Inventory,GLTR,Honey locust,,Good,,,Crown is fully exposed to light.,,,,1,0-3in,,,,,,,,,Gleditsia,0101000020110F0000D5095090549862C17ED4E49513925341,No,N/A,,,,,,Gleditsia triacanthos,41.794984,-87.578163,,,,,,,,,,,,188974,,,,,Good,,,,,,Alive,,,,,,,molly
,,No,,,TK Inventory,PRSE1,Black cherry,,Fair,,,Two sides of the crown are exposed to light.,,,,6,6-12in,,,,,,,,,Prunus,0101000020110F0000B03886A4599862C140647FAA0F925341,No,N/A,,,,,,Prunus serotina,41.794879,-87.578528,,,,,,,,,,,,188973,,,,,Good,,,,,,Alive,,,,,,,molly
,,No,,,TK Inventory,TIAM,American linden,,Fair,,,Three sides of the crown are exposed to light.,,,,24,24-30in,,,,,,,,,Tilia,0101000020110F00007814A6AB599862C14B8430240A925341,No,N/A,,,,,,Tilia americana,41.79473099999999,-87.57853,,,,,,,,,,,,188972,,,,,Good,,,,,,Alive,,,,,,,molly
,,No,,,TK Inventory,OSVI,American hophornbeam,,Fair,,,Four sides of the crown are exposed to light.,,,,12,12-18in,,,,,,,,,Ostrya,0101000020110F0000F5F88DD2519862C118ED2D6E17925341,No,N/A,,,,,,Ostrya virginiana,41.795087,-87.577966,,,,,,,,,,,,188971,,,,,Good,,,,,,Alive,,,,,,,molly
,,No,,,TK Inventory,CR,Hawthorn,,Fair,,,Three sides of the crown are exposed to light.,,,,3,3-6in,,,,,,,,,Crataegus,0101000020110F00005BE114A5699862C1007E5244E1915341,No,N/A,,,,,,Crataegus,41.79363599999999,-87.579678,,,,,,,,,,,,188970,,,,,Good,,,,,,Alive,,,,,,,molly
,,No,,,TK Inventory,OSVI,American hophornbeam,,Dead,,,Crown is fully shaded.,,,,12,12-18in,,,,,,,,,Ostrya,0101000020110F000092FEA2D5509862C1B0C56B9618925341,No,N/A,,,,,,Ostrya virginiana,41.795117999999995,-87.577895,,,,,,,,,,,,188969,,,,,Good,,,,,,Alive,,,,,,,molly
,,No,,,TK Inventory,ACSA2,Sugar maple,,Good,,,Two sides of the crown are exposed to light.,,,,24,24-30in,,,,,,,,,Acer,0101000020110F0000A545A9B63C9862C15546FA2F31925341,No,N/A,,,,,,Acer saccharum,41.795777000000015,-87.576449,,,,,,,,,,,,188968,,,,,Good,,,,,,Alive,,,,,,,molly
,,No,,,TK Inventory,ACSA2,Sugar maple,,Dead,,,Two sides of the crown are exposed to light.,,,,12,12-18in,,,,,,,,,Acer,0101000020110F00006EC112535A9862C13613AE200D925341,No,N/A,,,,,,Acer saccharum,41.794811,-87.578577,,,,,,,,,,,,188967,,,,,Good,,,,,,Alive,,,,,,,molly
,,No,,,TK Inventory,ACSA2,Sugar maple,,Good,,,One side of the crown is exposed to light.,,,,12,12-18in,,,,,,,,,Acer,0101000020110F00009EDE1DCF3B9862C16F7057C132925341,No,N/A,,,,,,Acer saccharum,41.795819,-87.576384,,,,,,,,,,,,188966,,,,,Good,,,,,,Alive,,,,,,,molly
,,No,,,TK Inventory,ACSA2,Sugar maple,,Good,,,Four sides of the crown are exposed to light.,,,,12,12-18in,,,,,,,,,Acer,0101000020110F0000DF8ED2825D9862C112A4F82B63925341,No,N/A,,,,,,Acer saccharum,41.79711599999999,-87.578806,,,,,,,,,,,,188965,,,,,Good,,,,,,Alive,,,,,,,molly
,,No,,,TK Inventory,ACSA2,Sugar maple,,Good,,,Four sides of the crown are exposed to light.,,,,12,12-18in,,,,,,,,,Acer,0101000020110F00003D13F86C5C9862C103585BC860925341,No,N/A,,,,,,Acer saccharum,41.797051999999994,-87.578728,,,,,,,,,,,,188964,,,,,Good,,,,,,Alive,,,,,,,molly
,,No,,,TK Inventory,ACSA2,Sugar maple,,Good,,,Four sides of the crown are exposed to light.,,,,12,12-18in,,,,,,,,,Acer,0101000020110F00007E85AD5A5B9862C1D60417F45E925341,No,N/A,,,,,,Acer saccharum,41.797003,-87.578651,,,,,,,,,,,,188963,,,,,Good,,,,,,Alive,,,,,,,molly
,,No,,,TK Inventory,ACSA2,Sugar maple,,Good,,,Four sides of the crown are exposed to light.,,,,12,12-18in,,,,,,,,,Acer,0101000020110F00001FAE77CC629862C1CD34C6F36C925341,No,N/A,,,,,,Acer saccharum,41.797378,-87.579186,,,,,,,,,,,,188962,,,,,Good,,,,,,Alive,,,,,,,molly
,,No,,,TK Inventory,ACPL,Norway maple,,Good,,,Three sides of the crown are exposed to light.,,,,12,12-18in,,,,,,,,,Acer,0101000020110F0000ADA90A9F559862C1DA84357712925341,No,N/A,,,,,,Acer platanoides,41.79495399999998,-87.578239,,,,,,,,,,,,188961,,,,,Good,,,,,,Alive,,,,,,,molly
,,No,,,TK Inventory,ACPL,Norway maple,,Good,,,Four sides of the crown are exposed to light.,,,,12,12-18in,,,,,,,,,Acer,0101000020110F00008FAB9231579862C1932B8D0613925341,No,N/A,,,,,,Acer platanoides,41.794969,-87.578352,,,,,,,,,,,,188960,,,,,Good,,,,,,Alive,,,,,,,molly
,,No,,,TK Inventory,OSVI,American hophornbeam,,Dead,,,Crown is fully shaded.,,,,12,12-18in,,,,,,,,,Ostrya,0101000020110F0000FF4B212B519862C164F2DB3618925341,No,N/A,,,,,,Ostrya virginiana,41.79510799999998,-87.577919,,,,,,,,,,,,188959,,,,,Good,,,,,,Alive,,,,,,,molly
,,No,,,TK Inventory,ACRU,Red maple,,Good,,,Crown is fully exposed to light.,,,,1,0-3in,,,,,,,,,Acer,0101000020110F000019D1A986659862C1787ADE4BF3915341,No,N/A,,,,,,Acer rubrum,41.794118999999995,-87.579382,,,,,,,,,,,,188958,,,,,Good,,,,,,Alive,,,,,,,molly
,,No,,,TK Inventory,JUNI,Eastern black walnut,,Good,,,,,,,36,>30in,,,,,,,,,Juglans,0101000020110F0000AE143B9B819862C1D8A06A628C925341,Yes,N/A,,,,,,Juglans nigra,41.79822000000001,-87.5814,,,,,,,,,,,,187595,,,,,Good,,,,,,Alive,,,,,,,molly
,,No,,,TK Inventory,ULPU,Siberian elm,,Good,,,,,,,12,12-18in,,,,,,,,,Ulmus,0101000020110F0000F60174FF829862C1E40FC1DCAC925341,Yes,N/A,,,,,,Ulmus pumila,41.79909000000001,-87.5815,,,,,,,,,,,,187588,,,,,Good,,,,,,Alive,,,,,,,molly
,,No,,,TK Inventory,QUBI,Swamp white oak,,Good,,,,,,,1,0-3in,,,,,,,,,Quercus,0101000020110F000055A490F4899862C189E283BE8F925341,Yes,N/A,,,,,,Quercus bicolor,41.79831,-87.582,,,,,,,,,,,,187587,,,,,Good,,,,,,Alive,,,,,,,molly
,,No,,,TK Inventory,GYDI,Kentucky coffeetree,,Good,,,,,,,6,6-12in,,,,,,,,,Gymnocladus,0101000020110F0000213AC9D27E9862C190BB3F408E925341,Yes,N/A,,,,,,Gymnocladus dioicus,41.798269999999995,-87.5812,,,,,,,,,,,,187586,,,,,Good,,,,,,Alive,,,,,,,molly
,,No,,,TK Inventory,QUBI,Swamp white oak,,Good,,,,,,,3,3-6in,,,,,,,,,Quercus,0101000020110F00009C91C9588B9862C18A9E95848A925341,Yes,N/A,,,,,,Quercus bicolor,41.79816999999998,-87.5821,,,,,,,,,,,,187585,,,,,Good,,,,,,Alive,,,,,,,molly
,,No,,,TK Inventory,QUBI,Swamp white oak,,Good,,,,,,,6,6-12in,,,,,,,,,Quercus,0101000020110F00000FB75790889862C10DBC2F4788925341,Yes,N/A,,,,,,Quercus bicolor,41.798109999999994,-87.5819,,,,,,,,,,,,187584,,,,,Good,,,,,,Alive,,,,,,,molly
,,No,,,TK Inventory,JUNI,Eastern black walnut,,Good,,,,,,,24,24-30in,,,,,,,,,Juglans,0101000020110F000055A490F4899862C10DBC2F4788925341,Yes,N/A,,,,,,Juglans nigra,41.798109999999994,-87.582,,,,,,,,,,,,187583,,,,,Good,,,,,,Alive,,,,,,,molly
,,No,,,TK Inventory,ULS,Elm,,Good,,,,,,,36,>30in,,,,,,,,,Ulmus,0101000020110F0000213AC9D27E9862C165C49EE787925341,Yes,N/A,,,,,,Ulmus,41.79810000000001,-87.5812,,,,,,,,,,,,187582,,,,,Good,,,,,,Alive,,,,,,,molly
,,No,,,TK Inventory,CASP,Northern catalpa,,Good,,,,,,,6,6-12in,,,,,,,,,Catalpa,0101000020110F0000C9C91E2C879862C142E3EBC886925341,Yes,N/A,,,,,,Catalpa speciosa,41.79806999999999,-87.5818,,,,,,,,,,,,187581,,,,,Good,,,,,,Alive,,,,,,,molly
,,No,,,TK Inventory,GYDI,Kentucky coffeetree,,Good,,,,,,,6,6-12in,,,,,,,,,Gymnocladus,0101000020110F000082DCE5C7859862C11B1AA84A85925341,Yes,N/A,,,,,,Gymnocladus dioicus,41.79802999999998,-87.5817,,,,,,,,,,,,187580,,,,,Good,,,,,,Alive,,,,,,,molly
,,No,,,TK Inventory,QUAL,White oak,,Good,,,,,,,3,3-6in,,,,,,,,,Quercus,0101000020110F00000FB75790889862C1442A17EB84925341,Yes,N/A,,,,,,Quercus alba,41.798019999999994,-87.5819,,,,,,,,,,,,187579,,,,,Good,,,,,,Alive,,,,,,,molly
,,No,,,TK Inventory,AL,Alder,,Good,,,,,,,6,6-12in,,,,,,,,,Alnus,0101000020110F00000FB75790889862C1966064CC83925341,Yes,N/A,,,,,,Alnus,41.79798999999998,-87.5819,,,,,,,,,,,,187578,,,,,Good,,,,,,Alive,,,,,,,molly
,,No,,,TK Inventory,AEHI,Horsechestnut,,Good,,,,,,,24,24-30in,,,,,,,,,Aesculus,0101000020110F0000C9C91E2C879862C1B89FB1AD82925341,Yes,N/A,,,,,,Aesculus hippocastanum,41.79795999999999,-87.5818,,,,,,,,,,,,187577,,,,,Good,,,,,,Alive,,,,,,,molly
,,No,,,TK Inventory,AEGL,Ohio buckeye,,Good,,,,,,,3,3-6in,,,,,,,,,Aesculus,0101000020110F0000945F570A7C9862C1B89FB1AD82925341,Yes,N/A,,,,,,Aesculus glabra,41.79795999999999,-87.581,,,,,,,,,,,,187576,,,,,Good,,,,,,Alive,,,,,,,molly
,,No,,,TK Inventory,GLTR,Honey locust,,Good,,,,,,,1,0-3in,,,,,,,,,Gleditsia,0101000020110F0000DB4C906E7D9862C1A6E7FE8E81925341,Yes,N/A,,,,,,Gleditsia triacanthos,41.79793,-87.5811,,,,,,,,,,,,187575,,,,,Good,,,,,,Alive,,,,,,,molly
,,No,,,TK Inventory,CEOC,Common hackberry,,Good,,,,,,,6,6-12in,,,,,,,,,Celtis,0101000020110F0000945F570A7C9862C17A1CDDCF80925341,Yes,N/A,,,,,,Celtis occidentalis,41.79791,-87.581,,,,,,,,,,,,187574,,,,,Good,,,,,,Alive,,,,,,,molly
,,No,,,TK Inventory,MA2,Crabapple,,Good,,,,,,,3,3-6in,,,,,,,,,Malus,0101000020110F000011D6E435609862C12918968F65925341,Yes,N/A,,,,,,Malus,41.79717999999999,-87.579,,,,,,,,,,,,187573,,,,,Good,,,,,,Alive,,,,,,,molly
,,No,,,TK Inventory,ACSA2,Sugar maple,,Good,,,,,,,6,6-12in,,,,,,,,,Acer,0101000020110F0000CBE8ABD15E9862C1292E088339925341,Yes,N/A,,,,,,Acer saccharum,41.796,-87.5789,,,,,,,,,,,,187572,,,,,Good,,,,,,Alive,,,,,,,molly
,,No,,,TK Inventory,ACSA2,Sugar maple,,Fair,,,,,,,3,3-6in,,,,,,,,,Acer,0101000020110F0000CBE8ABD15E9862C15B08B5AF2E925341,Yes,N/A,,,,,,Acer saccharum,41.79571000000001,-87.5789,,,,,,,,,,,,187571,,,,,Good,,,,,,Alive,,,,,,,molly
,,No,,,TK Inventory,MA2,Crabapple,,Poor,,,,,,,6,6-12in,,,,,,,,,Malus,0101000020110F0000BA84C734409862C108B114F42A925341,Yes,N/A,,,,,,Malus,41.79560999999999,-87.5767,,,,,,,,,,,,187570,,,,,Good,,,,,,Alive,,,,,,,molly
,,No,,,TK Inventory,GLTR,Honey locust,,Good,,,,,,,24,24-30in,,,,,,,,,Gleditsia,0101000020110F000033BD3A15759862C1C683C1D90A925341,Yes,N/A,,,,,,Gleditsia triacanthos,41.79475,-87.5805,,,,,,,,,,,,187569,,,,,Good,,,,,,Alive,,,,,,,molly
,,No,,,TK Inventory,AEHI,Horsechestnut,,Good,,,,,,,24,24-30in,,,,,,,,,Aesculus,0101000020110F0000FF5273F3699862C1BD7812BB09925341,Yes,N/A,,,,,,Aesculus hippocastanum,41.794720000000005,-87.5797,,,,,,,,,,,,187568,,,,,Good,,,,,,Alive,,,,,,,molly
,,No,,,TK Inventory,GLTR,Honey locust,,Good,,,,,,,24,24-30in,,,,,,,,,Gleditsia,0101000020110F0000FF5273F3699862C1F43095BE06925341,Yes,N/A,,,,,,Gleditsia triacanthos,41.794639999999994,-87.5797,,,,,,,,,,,,187567,,,,,Good,,,,,,Alive,,,,,,,molly
,,No,,,TK Inventory,AC,Maple,,Fair,,,,,,,6,6-12in,,,,,,,,,Acer,0101000020110F000084FB726D5D9862C19E9770F80B925341,Yes,N/A,,,,,,Acer,41.79478000000001,-87.5788,,,,,,,,,,,,187566,,,,,Good,,,,,,Alive,,,,,,,molly
,,No,,,TK Inventory,GLTR,Honey locust,,Fair,,,,,,,12,12-18in,,,,,,,,,Gleditsia,0101000020110F0000EDCF01B1739862C185D6241E07925341,Yes,N/A,,,,,,Gleditsia triacanthos,41.79465000000001,-87.5804,,,,,,,,,,,,187565,,,,,Good,,,,,,Alive,,,,,,,molly
,,No,,,TK Inventory,TIAM,American linden,,Good,,,,,,,1,0-3in,,,,,,,,,Tilia,0101000020110F0000B15255E6309862C18D42264934925341,Yes,N/A,,,,,,Tilia americana,41.795860000000005,-87.5756,,,,,,,,,,,,187564,,,,,Good,,,,,,Alive,,,,,,,molly
,,No,,,TK Inventory,ACSA2,Sugar maple,,Fair,,,,,,,12,12-18in,,,,,,,,,Acer,0101000020110F0000C2B639834F9862C1452A16021F925341,Yes,N/A,,,,,,Acer saccharum,41.795289999999994,-87.5778,,,,,,,,,,,,187563,,,,,Good,,,,,,Alive,,,,,,,molly
,,No,,,TK Inventory,TICO,Littleleaf linden,,Poor,,,,,,,24,24-30in,,,,,,,,,Tilia,0101000020110F000058C31D9A619862C1C683C1D90A925341,Yes,N/A,,,,,,Tilia cordata,41.79475,-87.5791,,,,,,,,,,,,187562,,,,,Good,,,,,,Alive,,,,,,,molly
,,No,,,TK Inventory,GLTR,Honey locust,,Good,,,,,,,24,24-30in,,,,,,,,,Gleditsia,0101000020110F0000EDCF01B1739862C18CBAD94302925341,Yes,N/A,,,,,,Gleditsia triacanthos,41.79452,-87.5804,,,,,,,,,,,,187561,,,,,Good,,,,,,Alive,,,,,,,molly
,,No,,,TK Inventory,GIBI,Ginkgo,,Good,,,,,,,6,6-12in,,,,,,,,,Ginkgo,0101000020110F00008C2DE5BB6C9862C1652C70AAFC915341,Yes,N/A,,,,,,Ginkgo biloba,41.79437,-87.5799,,,,,,,,,,,,187560,,,,,Good,,,,,,Alive,,,,,,,molly
,,No,,,TK Inventory,ACRU,Red maple,,Good,,,,,,,12,12-18in,,,,,,,,,Acer,0101000020110F0000DC6B1D14559862C18A27D57C23925341,Yes,N/A,,,,,,Acer rubrum,41.79540999999998,-87.5782,,,,,,,,,,,,187559,,,,,Good,,,,,,Alive,,,,,,,molly
,,No,,,TK Inventory,ACSA2,Sugar maple,,Good,,,,,,,6,6-12in,,,,,,,,,Acer,0101000020110F0000DC6B1D14559862C1F9C0C4122C925341,Yes,N/A,,,,,,Acer saccharum,41.79564,-87.5782,,,,,,,,,,,,187558,,,,,Good,,,,,,Alive,,,,,,,molly
,,No,,,TK Inventory,CR,Hawthorn,,Poor,,,,,,,6,6-12in,,,,,,,,,Crataegus,0101000020110F0000C2B639834F9862C1085B255E22925341,Yes,N/A,,,,,,Crataegus,41.79537999999999,-87.5778,,,,,,,,,,,,187557,,,,,Good,,,,,,Alive,,,,,,,molly
,,No,,,TK Inventory,ACSA2,Sugar maple,,Fair,,,,,,,12,12-18in,,,,,,,,,Acer,0101000020110F000061141D8E489862C1085B255E22925341,Yes,N/A,,,,,,Acer saccharum,41.79537999999999,-87.5773,,,,,,,,,,,,187556,,,,,Good,,,,,,Alive,,,,,,,molly
,,No,,,TK Inventory,,Pine,,Poor,,,,,,,12,12-18in,,,,,,,,,Pinus,0101000020110F000059E2AA3F399862C1571865DC23925341,Yes,N/A,,,,,,Pinus spp,41.79541999999999,-87.5762,,,,,,,,,,,,187555,,,,,Good,,,,,,Alive,,,,,,,molly
,,No,,,TK Inventory,,Pine,,Poor,,,,,,,6,6-12in,,,,,,,,,Pinus,0101000020110F0000E7BC1C083C9862C13E82059F21925341,Yes,N/A,,,,,,Pinus spp,41.79535999999999,-87.5764,,,,,,,,,,,,187554,,,,,Good,,,,,,Alive,,,,,,,molly
,,No,,,TK Inventory,GLTR,Honey locust,,Poor,,,,,,,1,0-3in,,,,,,,,,Gleditsia,0101000020110F0000CC073977369862C11A0AF53B24925341,Yes,N/A,,,,,,Gleditsia triacanthos,41.79542999999999,-87.576,,,,,,,,,,,,187553,,,,,Good,,,,,,Alive,,,,,,,molly
,,No,,,TK Inventory,CR,Hawthorn,,Fair,,,,,,,6,6-12in,,,,,,,,,Crataegus,0101000020110F00006A468FDC579862C19D41492B17925341,Yes,N/A,,,,,,Crataegus,41.795080000000006,-87.5784,,,,,,,,,,,,187552,,,,,Good,,,,,,Alive,,,,,,,molly
,,No,,,TK Inventory,CR,Hawthorn,,Fair,,,,,,,6,6-12in,,,,,,,,,Crataegus,0101000020110F00006A468FDC579862C133090AAD15925341,Yes,N/A,,,,,,Crataegus,41.79503999999999,-87.5784,,,,,,,,,,,,187551,,,,,Good,,,,,,Alive,,,,,,,molly
,,No,,,TK Inventory,ACSA2,Sugar maple,,Good,,,,,,,12,12-18in,,,,,,,,,Acer,0101000020110F00003D0E3A095C9862C17003FC5012925341,Yes,N/A,,,,,,Acer saccharum,41.79495,-87.5787,,,,,,,,,,,,187550,,,,,Good,,,,,,Alive,,,,,,,molly
,,No,,,TK Inventory,CR,Hawthorn,,Fair,,,,,,,12,12-18in,,,,,,,,,Crataegus,0101000020110F0000F62001A55A9862C173A3296C16925341,Yes,N/A,,,,,,Crataegus,41.79505999999999,-87.5786,,,,,,,,,,,,187549,,,,,Good,,,,,,Alive,,,,,,,molly
,,No,,,TK Inventory,AEGL,Ohio buckeye,,Good,,,,,,,24,24-30in,,,,,,,,,Aesculus,0101000020110F0000B9653A8F689862C18F406CF111925341,Yes,N/A,,,,,,Aesculus glabra,41.794939999999976,-87.5796,,,,,,,,,,,,187548,,,,,Good,,,,,,Alive,,,,,,,molly
,,No,,,TK Inventory,ACSA1,Silver maple,,Good,,,,,,,12,12-18in,,,,,,,,,Acer,0101000020110F0000B133C840599862C173A3296C16925341,Yes,N/A,,,,,,Acer saccharinum,41.79505999999999,-87.5785,,,,,,,,,,,,187546,,,,,Good,,,,,,Alive,,,,,,,molly
,,No,,,TK Inventory,ACSA2,Sugar maple,,Good,,,,,,,6,6-12in,,,,,,,,,Acer,0101000020110F000084FB726D5D9862C173A3296C16925341,Yes,N/A,,,,,,Acer saccharum,41.79505999999999,-87.5788,,,,,,,,,,,,187545,,,,,Good,,,,,,Alive,,,,,,,molly
,,No,,,TK Inventory,GLTR,Honey locust,,Good,,,,,,,12,12-18in,,,,,,,,,Gleditsia,0101000020110F0000A6E2C84C729862C16BE0CA2E14925341,Yes,N/A,,,,,,Gleditsia triacanthos,41.79499999999999,-87.5803,,,,,,,,,,,,187544,,,,,Good,,,,,,Alive,,,,,,,molly
,,No,,,TK Inventory,ACSA2,Sugar maple,,Fair,,,,,,,12,12-18in,,,,,,,,,Acer,0101000020110F0000D21A1E206E9862C1883D7A4D15925341,Yes,N/A,,,,,,Acer saccharum,41.79502999999999,-87.58,,,,,,,,,,,,187543,,,,,Good,,,,,,Alive,,,,,,,molly
,,No,,,TK Inventory,ACSA2,Sugar maple,,Good,,,,,,,12,12-18in,,,,,,,,,Acer,0101000020110F000001720099419862C14C9300A156925341,Yes,N/A,,,,,,Acer saccharum,41.79677999999998,-87.5768,,,,,,,,,,,,187542,,,,,Good,,,,,,Alive,,,,,,,molly
,,No,,,TK Inventory,ACSA2,Sugar maple,,Dead,,,,,,,6,6-12in,,,,,,,,,Acer,0101000020110F0000B133C840599862C173A3296C16925341,Yes,N/A,,,,,,Acer saccharum,41.79505999999999,-87.5785,,,,,,,,,,,,187541,,,,,Good,,,,,,Alive,,,,,,,molly
,,No,,,TK Inventory,CR,Hawthorn,,Dead,,,,,,,3,3-6in,,,,,,,,,Crataegus,0101000020110F00003D0E3A095C9862C18147694850925341,Yes,N/A,,,,,,Crataegus,41.796609999999994,-87.5787,,,,,,,,,,,,187540,,,,,Good,,,,,,Alive,,,,,,,molly
,,No,,,TK Inventory,ACFR,Freeman maple,,Good,,,,,,,24,24-30in,,,,,,,,,Acer,0101000020110F0000F62001A55A9862C1CA8029595D925341,Yes,N/A,,,,,,Acer x freemanii,41.79695999999997,-87.5786,,,,,,,,,,,,187539,,,,,Good,,,,,,Alive,,,,,,,molly
,,No,,,TK Inventory,CR,Hawthorn,,Dead,,,,,,,6,6-12in,,,,,,,,,Crataegus,0101000020110F000001720099419862C1DBC1E4D826925341,Yes,N/A,,,,,,Crataegus,41.79550000000001,-87.5768,,,,,,,,,,,,187538,,,,,Good,,,,,,Alive,,,,,,,molly
,,No,,,TK Inventory,ULS,Elm,,Good,,,,,,,12,12-18in,,,,,,,,,Ulmus,0101000020110F0000FF5273F3699862C1A658858D30925341,Yes,N/A,,,,,,Ulmus,41.795759999999994,-87.5797,,,,,,,,,,,,187537,,,,,Good,,,,,,Alive,,,,,,,molly
,,No,,,TK Inventory,,Pine,,Fair,,,,,,,12,12-18in,,,,,,,,,Pinus,0101000020110F0000A1CFE3A33A9862C11063F6421E925341,Yes,N/A,,,,,,Pinus spp,41.79526999999998,-87.5763,,,,,,,,,,,,187536,,,,,Good,,,,,,Alive,,,,,,,molly
,,No,,,TK Inventory,TICO,Littleleaf linden,,Good,,,,,,,12,12-18in,,,,,,,,,Tilia,0101000020110F000011D6E435609862C12C0227651C925341,Yes,N/A,,,,,,Tilia cordata,41.79522,-87.579,,,,,,,,,,,,187535,,,,,Good,,,,,,Alive,,,,,,,molly
,,No,,,TK Inventory,ULS,Elm,,Dead,,,,,,,12,12-18in,,,,,,,,,Ulmus,0101000020110F00006A468FDC579862C1A64807A61B925341,Yes,N/A,,,,,,Ulmus,41.795199999999994,-87.5784,,,,,,,,,,,,187534,,,,,Good,,,,,,Alive,,,,,,,molly
,,No,,,TK Inventory,GLTR,Honey locust,,Good,,,,,,,36,>30in,,,,,,,,,Gleditsia,0101000020110F00007178012B679862C1A58988A918925341,Yes,N/A,,,,,,Gleditsia triacanthos,41.795119999999976,-87.5795,,,,,,,,,,,,187533,,,,,Good,,,,,,Alive,,,,,,,molly
,,No,,,TK Inventory,ACSA2,Sugar maple,,Good,,,,,,,3,3-6in,,,,,,,,,Acer,0101000020110F000084FB726D5D9862C1A58988A918925341,Yes,N/A,,,,,,Acer saccharum,41.795119999999976,-87.5788,,,,,,,,,,,,187532,,,,,Good,,,,,,Alive,,,,,,,molly
,,No,,,TK Inventory,CR,Hawthorn,,Good,,,,,,,6,6-12in,,,,,,,,,Crataegus,0101000020110F00006A468FDC579862C12DB6F84918925341,Yes,N/A,,,,,,Crataegus,41.795109999999994,-87.5784,,,,,,,,,,,,187531,,,,,Good,,,,,,Alive,,,,,,,molly
,,No,,,TK Inventory,GLTR,Honey locust,,Good,,,,,,,24,24-30in,,,,,,,,,Gleditsia,0101000020110F0000A6E2C84C729862C1AFE368EA17925341,Yes,N/A,,,,,,Gleditsia triacanthos,41.795100000000005,-87.5803,,,,,,,,,,,,187530,,,,,Good,,,,,,Alive,,,,,,,molly
,,No,,,TK Inventory,GLTR,Honey locust,,Good,,,,,,,36,>30in,,,,,,,,,Gleditsia,0101000020110F00007178012B679862C1AFE368EA17925341,Yes,N/A,,,,,,Gleditsia triacanthos,41.795100000000005,-87.5795,,,,,,,,,,,,187529,,,,,Good,,,,,,Alive,,,,,,,molly
,,No,,,TK Inventory,ULS,Elm,,Fair,,,,,,,12,12-18in,,,,,,,,,Ulmus,0101000020110F000023595678569862C11C5E180919925341,Yes,N/A,,,,,,Ulmus,41.79512999999999,-87.5783,,,,,,,,,,,,187528,,,,,Good,,,,,,Alive,,,,,,,molly
,,No,,,TK Inventory,CR,Hawthorn,,Fair,,,,,,,6,6-12in,,,,,,,,,Crataegus,0101000020110F00006A468FDC579862C12812D98A17925341,Yes,N/A,,,,,,Crataegus,41.795089999999995,-87.5784,,,,,,,,,,,,187527,,,,,Good,,,,,,Alive,,,,,,,molly
,,No,,,TK Inventory,CR,Hawthorn,,Fair,,,,,,,12,12-18in,,,,,,,,,Crataegus,0101000020110F00007CC9001F4E9862C18D33A86819925341,Yes,N/A,,,,,,Crataegus,41.79514000000001,-87.5777,,,,,,,,,,,,187526,,,,,Good,,,,,,Alive,,,,,,,molly
,,No,,,TK Inventory,AC,Maple,,Good,,,,,,,12,12-18in,,,,,,,,,Acer,0101000020110F0000C2B639834F9862C199BF46241D925341,Yes,N/A,,,,,,Acer,41.79524,-87.5778,,,,,,,,,,,,187525,,,,,Good,,,,,,Alive,,,,,,,molly
,,No,,,TK Inventory,AC,Maple,,Good,,,,,,,6,6-12in,,,,,,,,,Acer,0101000020110F000036DCC7BA4C9862C12C0227651C925341,Yes,N/A,,,,,,Acer,41.79522,-87.5776,,,,,,,,,,,,187524,,,,,Good,,,,,,Alive,,,,,,,molly
,,No,,,TK Inventory,AC,Maple,,Good,,,,,,,6,6-12in,,,,,,,,,Acer,0101000020110F000036DCC7BA4C9862C1A64807A61B925341,Yes,N/A,,,,,,Acer,41.795199999999994,-87.5776,,,,,,,,,,,,187523,,,,,Good,,,,,,Alive,,,,,,,molly
,,No,,,TK Inventory,ACRU,Red maple,,Good,,,,,,,6,6-12in,,,,,,,,,Acer,0101000020110F00007CC9001F4E9862C10993E7E61A925341,Yes,N/A,,,,,,Acer rubrum,41.79517999999999,-87.5777,,,,,,,,,,,,187522,,,,,Good,,,,,,Alive,,,,,,,molly
,,No,,,TK Inventory,CR,Hawthorn,,Good,,,,,,,24,24-30in,,,,,,,,,Crataegus,0101000020110F0000D539ABC5459862C163E0B6C41C925341,Yes,N/A,,,,,,Crataegus,41.79522999999998,-87.5771,,,,,,,,,,,,187521,,,,,Good,,,,,,Alive,,,,,,,molly
,,No,,,TK Inventory,PLOC,American sycamore,,Good,,,,,,,6,6-12in,,,,,,,,,Platanus,0101000020110F0000190857846F9862C199BF46241D925341,Yes,N/A,,,,,,Platanus occidentalis,41.79524,-87.5801,,,,,,,,,,,,187520,,,,,Good,,,,,,Alive,,,,,,,molly
,,No,,,TK Inventory,PLOC,American sycamore,,Good,,,,,,,6,6-12in,,,,,,,,,Platanus,0101000020110F000060F58FE8709862C12C0227651C925341,Yes,N/A,,,,,,Platanus occidentalis,41.79522,-87.5802,,,,,,,,,,,,187519,,,,,Good,,,,,,Alive,,,,,,,molly
,,No,,,TK Inventory,ACSA2,Sugar maple,,Good,,,,,,,12,12-18in,,,,,,,,,Acer,0101000020110F0000B133C840599862C18D33A86819925341,Yes,N/A,,,,,,Acer saccharum,41.79514000000001,-87.5785,,,,,,,,,,,,187518,,,,,Good,,,,,,Alive,,,,,,,molly
,,No,,,TK Inventory,ACSA2,Sugar maple,,Dead,,,,,,,12,12-18in,,,,,,,,,Acer,0101000020110F0000DC6B1D14559862C10993E7E61A925341,Yes,N/A,,,,,,Acer saccharum,41.79517999999999,-87.5782,,,,,,,,,,,,187517,,,,,Good,,,,,,Alive,,,,,,,molly
,,No,,,TK Inventory,ULS,Elm,,Good,,,,,,,12,12-18in,,,,,,,,,Ulmus,0101000020110F0000DC6B1D14559862C1F40938C819925341,Yes,N/A,,,,,,Ulmus,41.79515,-87.5782,,,,,,,,,,,,187516,,,,,Good,,,,,,Alive,,,,,,,molly
,,No,,,TK Inventory,ACSA2,Sugar maple,,Good,,,,,,,6,6-12in,,,,,,,,,Acer,0101000020110F0000CBE8ABD15E9862C1A58988A918925341,Yes,N/A,,,,,,Acer saccharum,41.795119999999976,-87.5789,,,,,,,,,,,,187515,,,,,Good,,,,,,Alive,,,,,,,molly
,,No,,,TK Inventory,ACSA2,Sugar maple,,Fair,,,,,,,6,6-12in,,,,,,,,,Acer,0101000020110F000011D6E435609862C11C5E180919925341,Yes,N/A,,,,,,Acer saccharum,41.79512999999999,-87.579,,,,,,,,,,,,187514,,,,,Good,,,,,,Alive,,,,,,,molly
,,No,,,TK Inventory,CR,Hawthorn,,Good,,,,,,,12,12-18in,,,,,,,,,Crataegus,0101000020110F0000C9C91E2C879862C149307D8E9D925341,Yes,N/A,,,,,,Crataegus,41.79867999999998,-87.5818,,,,,,,,,,,,187512,,,,,Good,,,,,,Alive,,,,,,,molly
,,No,,,TK Inventory,ACRU,Red maple,,Poor,,,,,,,12,12-18in,,,,,,,,,Acer,0101000020110F0000DC6B1D14559862C18A27D57C23925341,Yes,N/A,,,,,,Acer rubrum,41.79540999999998,-87.5782,,,,,,,,,,,,187511,,,,,Good,,,,,,Alive,,,,,,,molly
,,No,,,TK Inventory,CR,Hawthorn,,Poor,,,,,,,12,12-18in,,,,,,,,,Crataegus,0101000020110F00008E4C7261449862C1286E95FE21925341,Yes,N/A,,,,,,Crataegus,41.79537,-87.577,,,,,,,,,,,,187510,,,,,Good,,,,,,Alive,,,,,,,molly
,,No,,,TK Inventory,MA2,Crabapple,,Poor,,,,,,,6,6-12in,,,,,,,,,Malus,0101000020110F0000D539ABC5459862C1F4DA34BA25925341,Yes,N/A,,,,,,Malus,41.795469999999995,-87.5771,,,,,,,,,,,,187509,,,,,Good,,,,,,Alive,,,,,,,molly
,,No,,,TK Inventory,CR,Hawthorn,,Poor,,,,,,,3,3-6in,,,,,,,,,Crataegus,0101000020110F00007178012B679862C147E5A45A25925341,Yes,N/A,,,,,,Crataegus,41.79546,-87.5795,,,,,,,,,,,,187508,,,,,Good,,,,,,Alive,,,,,,,molly
,,No,,,TK Inventory,CR,Hawthorn,,Poor,,,,,,,6,6-12in,,,,,,,,,Crataegus,0101000020110F0000C2B639834F9862C11A0AF53B24925341,Yes,N/A,,,,,,Crataegus,41.79542999999999,-87.5778,,,,,,,,,,,,187507,,,,,Good,,,,,,Alive,,,,,,,molly
,,No,,,TK Inventory,ACSA2,Sugar maple,,Poor,,,,,,,6,6-12in,,,,,,,,,Acer,0101000020110F0000E7BC1C083C9862C1F4DA34BA25925341,Yes,N/A,,,,,,Acer saccharum,41.795469999999995,-87.5764,,,,,,,,,,,,187506,,,,,Good,,,,,,Alive,,,,,,,molly
,,No,,,TK Inventory,ACFR,Freeman maple,,Good,,,,,,,3,3-6in,,,,,,,,,Acer,0101000020110F00003D0E3A095C9862C1D6FDBCD210925341,Yes,N/A,,,,,,Acer x freemanii,41.794909999999994,-87.5787,,,,,,,,,,,,187505,,,,,Good,,,,,,Alive,,,,,,,molly
,,No,,,TK Inventory,GLTR,Honey locust,,Good,,,,,,,24,24-30in,,,,,,,,,Gleditsia,0101000020110F00004640AC576B9862C1D6FDBCD210925341,Yes,N/A,,,,,,Gleditsia triacanthos,41.794909999999994,-87.5798,,,,,,,,,,,,187504,,,,,Good,,,,,,Alive,,,,,,,molly
,,No,,,TK Inventory,CR,Hawthorn,,Good,,,,,,,6,6-12in,,,,,,,,,Crataegus,0101000020110F00006A468FDC579862C1DB72EAED14925341,Yes,N/A,,,,,,Crataegus,41.795019999999994,-87.5784,,,,,,,,,,,,187503,,,,,Good,,,,,,Alive,,,,,,,molly
,,No,,,TK Inventory,TIAM,American linden,,Good,,,,,,,24,24-30in,,,,,,,,,Tilia,0101000020110F0000CBE8ABD15E9862C16BE0CA2E14925341,Yes,N/A,,,,,,Tilia americana,41.79499999999999,-87.5789,,,,,,,,,,,,187502,,,,,Good,,,,,,Alive,,,,,,,molly
,,No,,,TK Inventory,CR,Hawthorn,,Poor,,,,,,,6,6-12in,,,,,,,,,Crataegus,0101000020110F0000B9653A8F689862C1149D897F3C925341,Yes,N/A,,,,,,Crataegus,41.79608,-87.5796,,,,,,,,,,,,187501,,,,,Good,,,,,,Alive,,,,,,,molly
,,No,,,TK Inventory,CR,Hawthorn,,Poor,,,,,,,3,3-6in,,,,,,,,,Crataegus,0101000020110F00004640AC576B9862C166C4558020925341,Yes,N/A,,,,,,Crataegus,41.79533,-87.5798,,,,,,,,,,,,187500,,,,,Good,,,,,,Alive,,,,,,,molly
,,No,,,TK Inventory,MA2,Crabapple,,Poor,,,,,,,3,3-6in,,,,,,,,,Malus,0101000020110F0000B133C840599862C1A046F52D30925341,Yes,N/A,,,,,,Malus,41.79574999999997,-87.5785,,,,,,,,,,,,187499,,,,,Good,,,,,,Alive,,,,,,,molly
,,No,,,TK Inventory,CR,Hawthorn,,Poor,,,,,,,3,3-6in,,,,,,,,,Crataegus,0101000020110F0000FF5273F3699862C163DCC52020925341,Yes,N/A,,,,,,Crataegus,41.795319999999975,-87.5797,,,,,,,,,,,,187498,,,,,Good,,,,,,Alive,,,,,,,molly
,,No,,,TK Inventory,ACSA2,Sugar maple,,Fair,,,,,,,12,12-18in,,,,,,,,,Acer,0101000020110F0000CBE8ABD15E9862C15DADE5DF20925341,Yes,N/A,,,,,,Acer saccharum,41.79533999999998,-87.5789,,,,,,,,,,,,187497,,,,,Good,,,,,,Alive,,,,,,,molly
,,No,,,TK Inventory,PODE,Eastern cottonwood,,Poor,,,,,,,36,>30in,,,,,,,,,Populus,0101000020110F000033BD3A15759862C17DE6F33D59925341,Yes,N/A,,,,,,Populus deltoides,41.79684999999999,-87.5805,,,,,,,,,,,,187496,,,,,Good,,,,,,Alive,,,,,,,molly
,,No,,,TK Inventory,GLTR,Honey locust,,Poor,,,,,,,12,12-18in,,,,,,,,,Gleditsia,0101000020110F000074978ED03E9862C1296EB23049925341,Yes,N/A,,,,,,Gleditsia triacanthos,41.79641999999998,-87.5766,,,,,,,,,,,,187495,,,,,Good,,,,,,Alive,,,,,,,molly
,,No,,,TK Inventory,CR,Hawthorn,,Poor,,,,,,,6,6-12in,,,,,,,,,Crataegus,0101000020110F0000967EE4AF539862C1296EB23049925341,Yes,N/A,,,,,,Crataegus,41.79641999999998,-87.5781,,,,,,,,,,,,187494,,,,,Good,,,,,,Alive,,,,,,,molly
,,No,,,TK Inventory,ACSA2,Sugar maple,,Fair,,,,,,,12,12-18in,,,,,,,,,Acer,0101000020110F000059E2AA3F399862C1FA6BCAFD3D925341,Yes,N/A,,,,,,Acer saccharum,41.79611999999998,-87.5762,,,,,,,,,,,,187493,,,,,Good,,,,,,Alive,,,,,,,molly
,,No,,,TK Inventory,AEHI,Horsechestnut,,Fair,,,,,,,36,>30in,,,,,,,,,Aesculus,0101000020110F0000A1CFE3A33A9862C1CA6BF91F3C925341,Yes,N/A,,,,,,Aesculus hippocastanum,41.79606999999999,-87.5763,,,,,,,,,,,,187492,,,,,Good,,,,,,Alive,,,,,,,molly
,,No,,,TK Inventory,CR,Hawthorn,,Poor,,,,,,,6,6-12in,,,,,,,,,Crataegus,0101000020110F0000B133C840599862C136FB24502E925341,Yes,N/A,,,,,,Crataegus,41.79569999999998,-87.5785,,,,,,,,,,,,187491,,,,,Good,,,,,,Alive,,,,,,,molly
,,No,,,TK Inventory,ACSA2,Sugar maple,,Good,,,,,,,12,12-18in,,,,,,,,,Acer,0101000020110F000001720099419862C18B25D56E2F925341,Yes,N/A,,,,,,Acer saccharum,41.79573,-87.5768,,,,,,,,,,,,187490,,,,,Good,,,,,,Alive,,,,,,,molly
,,No,,,TK Inventory,CR,Hawthorn,,Good,,,,,,,6,6-12in,,,,,,,,,Crataegus,0101000020110F0000BA84C734409862C1ADAD84942A925341,Yes,N/A,,,,,,Crataegus,41.79559999999999,-87.5767,,,,,,,,,,,,187489,,,,,Good,,,,,,Alive,,,,,,,molly
,,No,,,TK Inventory,MA2,Crabapple,,Good,,,,,,,6,6-12in,,,,,,,,,Malus,0101000020110F00008E4C7261449862C1F4DA34BA25925341,Yes,N/A,,,,,,Malus,41.795469999999995,-87.577,,,,,,,,,,,,187488,,,,,Good,,,,,,Alive,,,,,,,molly
,,No,,,TK Inventory,TICO,Littleleaf linden,,Good,,,,,,,36,>30in,,,,,,,,,Tilia,0101000020110F00001B27E429479862C17DBACB8552925341,Yes,N/A,,,,,,Tilia cordata,41.796670000000006,-87.5772,,,,,,,,,,,,187487,,,,,Good,,,,,,Alive,,,,,,,molly
,,No,,,TK Inventory,GLTR,Honey locust,,Good,,,,,,,6,6-12in,,,,,,,,,Gleditsia,0101000020110F0000C097ACDD779862C18F6B634F4A925341,Yes,N/A,,,,,,Gleditsia triacanthos,41.79645,-87.5807,,,,,,,,,,,,187486,,,,,Good,,,,,,Alive,,,,,,,molly
,,No,,,TK Inventory,CR,Hawthorn,,Good,,,,,,,24,24-30in,,,,,,,,,Crataegus,0101000020110F00008E4C7261449862C18F6B634F4A925341,Yes,N/A,,,,,,Crataegus,41.79645,-87.577,,,,,,,,,,,,187485,,,,,Good,,,,,,Alive,,,,,,,molly
,,No,,,TK Inventory,CR,Hawthorn,,Good,,,,,,,12,12-18in,,,,,,,,,Crataegus,0101000020110F0000D539ABC5459862C1A81B22D148925341,Yes,N/A,,,,,,Crataegus,41.796409999999995,-87.5771,,,,,,,,,,,,187484,,,,,Good,,,,,,Alive,,,,,,,molly
,,No,,,TK Inventory,CR,Hawthorn,,Good,,,,,,,12,12-18in,,,,,,,,,Crataegus,0101000020110F000013F571DB379862C1AFB4576438925341,Yes,N/A,,,,,,Crataegus,41.79596999999998,-87.5761,,,,,,,,,,,,187483,,,,,Good,,,,,,Alive,,,,,,,molly
,,No,,,TK Inventory,TIAM,American linden,,Good,,,,,,,12,12-18in,,,,,,,,,Tilia,0101000020110F0000EDCF01B1739862C14BD9EABC3E925341,Yes,N/A,,,,,,Tilia americana,41.79613999999999,-87.5804,,,,,,,,,,,,187482,,,,,Good,,,,,,Alive,,,,,,,molly
,,No,,,TK Inventory,GLTR,Honey locust,,Good,,,,,,,36,>30in,,,,,,,,,Gleditsia,0101000020110F0000C097ACDD779862C129A25A5D3E925341,Yes,N/A,,,,,,Gleditsia triacanthos,41.79613000000001,-87.5807,,,,,,,,,,,,187481,,,,,Good,,,,,,Alive,,,,,,,molly
,,No,,,TK Inventory,CACA,American hornbeam,,Good,,,,,,,1,0-3in,,,,,,,,,Carpinus,0101000020110F0000C097ACDD779862C19002AA3E3D925341,Yes,N/A,,,,,,Carpinus caroliniana,41.79609999999998,-87.5807,,,,,,,,,,,,187480,,,,,Good,,,,,,Alive,,,,,,,molly
,,No,,,TK Inventory,CR,Hawthorn,,Good,,,,,,,6,6-12in,,,,,,,,,Crataegus,0101000020110F00007178012B679862C1088428423A925341,Yes,N/A,,,,,,Crataegus,41.796020000000006,-87.5795,,,,,,,,,,,,187479,,,,,Good,,,,,,Alive,,,,,,,molly
,,No,,,TK Inventory,CACA,American hornbeam,,Good,,,,,,,1,0-3in,,,,,,,,,Carpinus,0101000020110F0000C097ACDD779862C19A5898E239925341,Yes,N/A,,,,,,Carpinus caroliniana,41.796009999999995,-87.5807,,,,,,,,,,,,187478,,,,,Good,,,,,,Alive,,,,,,,molly
,,No,,,TK Inventory,CEOC,Common hackberry,,Fair,,,,,,,1,0-3in,,,,,,,,,Celtis,0101000020110F00003F2DC7AE339862C1864A0B7C3F925341,Yes,N/A,,,,,,Celtis occidentalis,41.79615999999999,-87.5758,,,,,,,,,,,,187477,,,,,Good,,,,,,Alive,,,,,,,molly
,,No,,,TK Inventory,ACSA2,Sugar maple,,Fair,,,,,,,12,12-18in,,,,,,,,,Acer,0101000020110F00003F2DC7AE339862C1CEDD48013B925341,Yes,N/A,,,,,,Acer saccharum,41.79604000000001,-87.5758,,,,,,,,,,,,187476,,,,,Good,,,,,,Alive,,,,,,,molly
,,No,,,TK Inventory,ACSA2,Sugar maple,,Fair,,,,,,,12,12-18in,,,,,,,,,Acer,0101000020110F0000CC073977369862C1AFB4576438925341,Yes,N/A,,,,,,Acer saccharum,41.79596999999998,-87.576,,,,,,,,,,,,187475,,,,,Good,,,,,,Alive,,,,,,,molly
,,No,,,TK Inventory,ACSA2,Sugar maple,,Fair,,,,,,,12,12-18in,,,,,,,,,Acer,0101000020110F0000CC073977369862C10244A74537925341,Yes,N/A,,,,,,Acer saccharum,41.79593999999999,-87.576,,,,,,,,,,,,187474,,,,,Good,,,,,,Alive,,,,,,,molly
,,No,,,TK Inventory,CR,Hawthorn,,Fair,,,,,,,6,6-12in,,,,,,,,,Crataegus,0101000020110F0000F93F8E4A329862C1A658858D30925341,Yes,N/A,,,,,,Crataegus,41.795759999999994,-87.5757,,,,,,,,,,,,187473,,,,,Good,,,,,,Alive,,,,,,,molly
,,No,,,TK Inventory,CR,Hawthorn,,Fair,,,,,,,3,3-6in,,,,,,,,,Crataegus,0101000020110F00003D0E3A095C9862C1C58D50F346925341,Yes,N/A,,,,,,Crataegus,41.796359999999986,-87.5787,,,,,,,,,,,,187472,,,,,Good,,,,,,Alive,,,,,,,molly
,,No,,,TK Inventory,ACSA2,Sugar maple,,Fair,,,,,,,12,12-18in,,,,,,,,,Acer,0101000020110F00005091AB4B529862C10D610F7545925341,Yes,N/A,,,,,,Acer saccharum,41.796319999999994,-87.578,,,,,,,,,,,,187471,,,,,Good,,,,,,Alive,,,,,,,molly
,,No,,,TK Inventory,CR,Hawthorn,,Fair,,,,,,,12,12-18in,,,,,,,,,Crataegus,0101000020110F00003F2DC7AE339862C1AAB56CB941925341,Yes,N/A,,,,,,Crataegus,41.796220000000005,-87.5758,,,,,,,,,,,,187470,,,,,Good,,,,,,Alive,,,,,,,molly
,,No,,,TK Inventory,GLTR,Honey locust,,Fair,,,,,,,12,12-18in,,,,,,,,,Gleditsia,0101000020110F000023595678569862C1B5384CFA40925341,Yes,N/A,,,,,,Gleditsia triacanthos,41.7962,-87.5783,,,,,,,,,,,,187469,,,,,Good,,,,,,Alive,,,,,,,molly
,,No,,,TK Inventory,AEGL,Ohio buckeye,,Poor,,,,,,,12,12-18in,,,,,,,,,Aesculus,0101000020110F0000BA84C734409862C1E92497051C925341,Yes,N/A,,,,,,Aesculus glabra,41.79520999999998,-87.5767,,,,,,,,,,,,187468,,,,,Good,,,,,,Alive,,,,,,,molly
,,No,,,TK Inventory,AM,Serviceberry,,Fair,,,,,,,1,0-3in,,,,,,,,,Amelanchier,0101000020110F000001720099419862C18147694850925341,Yes,N/A,,,,,,Amelanchier,41.796609999999994,-87.5768,,,,,,,,,,,,187467,,,,,Good,,,,,,Alive,,,,,,,molly
,,No,,,TK Inventory,MA2,Crabapple,,Fair,,,,,,,6,6-12in,,,,,,,,,Malus,0101000020110F000058C31D9A619862C101700D0454925341,Yes,N/A,,,,,,Malus,41.79670999999998,-87.5791,,,,,,,,,,,,187466,,,,,Good,,,,,,Alive,,,,,,,molly
,,No,,,TK Inventory,TIAM,American linden,,Fair,,,,,,,12,12-18in,,,,,,,,,Tilia,0101000020110F00003D0E3A095C9862C1371BB8294F925341,Yes,N/A,,,,,,Tilia americana,41.796580000000006,-87.5787,,,,,,,,,,,,187465,,,,,Good,,,,,,Alive,,,,,,,molly
,,No,,,TK Inventory,ULS,Elm,,Poor,,,,,,,12,12-18in,,,,,,,,,Ulmus,0101000020110F00008C2DE5BB6C9862C1F8C1F3AE4A925341,Yes,N/A,,,,,,Ulmus,41.79645999999999,-87.5799,,,,,,,,,,,,187464,,,,,Good,,,,,,Alive,,,,,,,molly
,,No,,,TK Inventory,ACSA2,Sugar maple,,Poor,,,,,,,6,6-12in,,,,,,,,,Acer,0101000020110F0000475F39FD429862C1F8C1F3AE4A925341,Yes,N/A,,,,,,Acer saccharum,41.79645999999999,-87.5769,,,,,,,,,,,,187463,,,,,Good,,,,,,Alive,,,,,,,molly
,,No,,,TK Inventory,CR,Hawthorn,,Poor,,,,,,,6,6-12in,,,,,,,,,Crataegus,0101000020110F0000D539ABC5459862C18F6B634F4A925341,Yes,N/A,,,,,,Crataegus,41.79645,-87.5771,,,,,,,,,,,,187462,,,,,Good,,,,,,Alive,,,,,,,molly
,,No,,,TK Inventory,MOAL,White mulberry,,Poor,,,,,,,3,3-6in,,,,,,,,,Morus,0101000020110F00008E4C7261449862C1A81B22D148925341,Yes,N/A,,,,,,Morus alba,41.796409999999995,-87.577,,,,,,,,,,,,187461,,,,,Good,,,,,,Alive,,,,,,,molly
,,No,,,TK Inventory,ACSA2,Sugar maple,,Good,,,,,,,12,12-18in,,,,,,,,,Acer,0101000020110F0000F93F8E4A329862C1149D897F3C925341,Yes,N/A,,,,,,Acer saccharum,41.79608,-87.5757,,,,,,,,,,,,187460,,,,,Good,,,,,,Alive,,,,,,,molly
,,No,,,TK Inventory,ACSA2,Sugar maple,,Good,,,,,,,24,24-30in,,,,,,,,,Acer,0101000020110F00003F2DC7AE339862C1C59BD66735925341,Yes,N/A,,,,,,Acer saccharum,41.79589,-87.5758,,,,,,,,,,,,187459,,,,,Good,,,,,,Alive,,,,,,,molly
,,No,,,TK Inventory,CR,Hawthorn,,Poor,,,,,,,6,6-12in,,,,,,,,,Crataegus,0101000020110F0000967EE4AF539862C110AE245728925341,Yes,N/A,,,,,,Crataegus,41.79554000000001,-87.5781,,,,,,,,,,,,187458,,,,,Good,,,,,,Alive,,,,,,,molly
,,No,,,TK Inventory,GLTR,Honey locust,,Good,,,,,,,1,0-3in,,,,,,,,,Gleditsia,0101000020110F00003F2DC7AE339862C183368D7842925341,Yes,N/A,,,,,,Gleditsia triacanthos,41.79623999999998,-87.5758,,,,,,,,,,,,187457,,,,,Good,,,,,,Alive,,,,,,,molly
,,No,,,TK Inventory,ACSA2,Sugar maple,,Good,,,,,,,12,12-18in,,,,,,,,,Acer,0101000020110F0000CC073977369862C1CA6BF91F3C925341,Yes,N/A,,,,,,Acer saccharum,41.79606999999999,-87.576,,,,,,,,,,,,187456,,,,,Good,,,,,,Alive,,,,,,,molly
,,No,,,TK Inventory,AM,Serviceberry,,Good,,,,,,,3,3-6in,,,,,,,,,Amelanchier,0101000020110F000074978ED03E9862C17DE6F33D59925341,Yes,N/A,,,,,,Amelanchier,41.79684999999999,-87.5766,,,,,,,,,,,,187455,,,,,Good,,,,,,Alive,,,,,,,molly
,,No,,,TK Inventory,CR,Hawthorn,,Fair,,,,,,,1,0-3in,,,,,,,,,Crataegus,0101000020110F0000475F39FD429862C16AC2BE2255925341,Yes,N/A,,,,,,Crataegus,41.79673999999999,-87.5769,,,,,,,,,,,,187454,,,,,Good,,,,,,Alive,,,,,,,molly
,,No,,,TK Inventory,GLTR,Honey locust,,Good,,,,,,,24,24-30in,,,,,,,,,Gleditsia,0101000020110F00004640AC576B9862C1F58A886203925341,Yes,N/A,,,,,,Gleditsia triacanthos,41.794549999999994,-87.5798,,,,,,,,,,,,187453,,,,,Good,,,,,,Alive,,,,,,,molly
,,No,,,TK Inventory,GLTR,Honey locust,,Good,,,,,,,36,>30in,,,,,,,,,Gleditsia,0101000020110F000033BD3A15759862C1652C70AAFC915341,Yes,N/A,,,,,,Gleditsia triacanthos,41.79437,-87.5805,,,,,,,,,,,,187452,,,,,Good,,,,,,Alive,,,,,,,molly
,,No,,,TK Inventory,GLTR,Honey locust,,Good,,,,,,,24,24-30in,,,,,,,,,Gleditsia,0101000020110F0000D21A1E206E9862C1FB1851EBFB915341,Yes,N/A,,,,,,Gleditsia triacanthos,41.79434999999999,-87.58,,,,,,,,,,,,187451,,,,,Good,,,,,,Alive,,,,,,,molly
,,No,,,TK Inventory,GLTR,Honey locust,,Fair,,,,,,,12,12-18in,,,,,,,,,Gleditsia,0101000020110F00008C2DE5BB6C9862C193B7FF09FD915341,Yes,N/A,,,,,,Gleditsia triacanthos,41.794380000000004,-87.5799,,,,,,,,,,,,187450,,,,,Good,,,,,,Alive,,,,,,,molly
,,No,,,TK Inventory,ULS,Elm,,Good,,,,,,,12,12-18in,,,,,,,,,Ulmus,0101000020110F0000D21A1E206E9862C137F6F3ADF9915341,Yes,N/A,,,,,,Ulmus,41.79429000000001,-87.58,,,,,,,,,,,,187449,,,,,Good,,,,,,Alive,,,,,,,molly
,,No,,,TK Inventory,GLTR,Honey locust,,Good,,,,,,,24,24-30in,,,,,,,,,Gleditsia,0101000020110F0000D21A1E206E9862C10272458FF8915341,Yes,N/A,,,,,,Gleditsia triacanthos,41.794259999999994,-87.58,,,,,,,,,,,,187448,,,,,Good,,,,,,Alive,,,,,,,molly
,,No,,,TK Inventory,ULS,Elm,,Good,,,,,,,3,3-6in,,,,,,,,,Ulmus,0101000020110F000033BD3A15759862C1811CDB775E925341,Yes,N/A,,,,,,Ulmus,41.79699,-87.5805,,,,,,,,,,,,187447,,,,,Good,,,,,,Alive,,,,,,,molly
,,No,,,TK Inventory,ACSA1,Silver maple,,Good,,,,,,,24,24-30in,,,,,,,,,Acer,0101000020110F0000BA84C734409862C196E5AAC651925341,Yes,N/A,,,,,,Acer saccharinum,41.79665,-87.5767,,,,,,,,,,,,187446,,,,,Good,,,,,,Alive,,,,,,,molly
,,No,,,TK Inventory,ACSA2,Sugar maple,,Good,,,,,,,12,12-18in,,,,,,,,,Acer,0101000020110F0000A1CFE3A33A9862C10D610F7545925341,Yes,N/A,,,,,,Acer saccharum,41.796319999999994,-87.5763,,,,,,,,,,,,187445,,,,,Good,,,,,,Alive,,,,,,,molly
,,No,,,TK Inventory,ACSA2,Sugar maple,,Good,,,,,,,24,24-30in,,,,,,,,,Acer,0101000020110F0000A1CFE3A33A9862C199F5FC1842925341,Yes,N/A,,,,,,Acer saccharum,41.796229999999994,-87.5763,,,,,,,,,,,,187444,,,,,Good,,,,,,Alive,,,,,,,molly
,,No,,,TK Inventory,MA2,Crabapple,,Good,,,,,,,3,3-6in,,,,,,,,,Malus,0101000020110F0000F62001A55A9862C19D7FA54C31925341,Yes,N/A,,,,,,Malus,41.79577999999999,-87.5786,,,,,,,,,,,,187443,,,,,Good,,,,,,Alive,,,,,,,molly
,,No,,,TK Inventory,ACSA2,Sugar maple,,Good,,,,,,,12,12-18in,,,,,,,,,Acer,0101000020110F0000F93F8E4A329862C15B08B5AF2E925341,Yes,N/A,,,,,,Acer saccharum,41.79571000000001,-87.5757,,,,,,,,,,,,187442,,,,,Good,,,,,,Alive,,,,,,,molly
,,No,,,TK Inventory,ACSA2,Sugar maple,,Good,,,,,,,12,12-18in,,,,,,,,,Acer,0101000020110F0000B15255E6309862C1B2D974312D925341,Yes,N/A,,,,,,Acer saccharum,41.79566999999999,-87.5756,,,,,,,,,,,,187441,,,,,Good,,,,,,Alive,,,,,,,molly
,,No,,,TK Inventory,ACSA2,Sugar maple,,Good,,,,,,,24,24-30in,,,,,,,,,Acer,0101000020110F0000475F39FD429862C174A9D47529925341,Yes,N/A,,,,,,Acer saccharum,41.79556999999997,-87.5769,,,,,,,,,,,,187440,,,,,Good,,,,,,Alive,,,,,,,molly
,,No,,,TK Inventory,ACSA2,Sugar maple,,Good,,,,,,,6,6-12in,,,,,,,,,Acer,0101000020110F00003F2DC7AE339862C104AA441629925341,Yes,N/A,,,,,,Acer saccharum,41.79555999999999,-87.5758,,,,,,,,,,,,187439,,,,,Good,,,,,,Alive,,,,,,,molly
,,No,,,TK Inventory,ACSA2,Sugar maple,,Good,,,,,,,12,12-18in,,,,,,,,,Acer,0101000020110F000013F571DB379862C1571865DC23925341,Yes,N/A,,,,,,Acer saccharum,41.79541999999999,-87.5761,,,,,,,,,,,,187438,,,,,Good,,,,,,Alive,,,,,,,molly
,,No,,,TK Inventory,ULPU,Siberian elm,,Fair,,,,,,,12,12-18in,,,,,,,,,Ulmus,0101000020110F000074978ED03E9862C1F8C1F3AE4A925341,Yes,N/A,,,,,,Ulmus pumila,41.79645999999999,-87.5766,,,,,,,,,,,,187437,,,,,Good,,,,,,Alive,,,,,,,molly
,,No,,,TK Inventory,PINI,Austrian pine,,Fair,,,,,,,24,24-30in,,,,,,,,,Pinus,0101000020110F00006C651C822F9862C176F52F3446925341,Yes,N/A,,,,,,Pinus nigra,41.79634,-87.5755,,,,,,,,,,,,187436,,,,,Good,,,,,,Alive,,,,,,,molly
,,No,,,TK Inventory,PINI,Austrian pine,,Fair,,,,,,,12,12-18in,,,,,,,,,Pinus,0101000020110F0000B15255E6309862C1C7895E5644925341,Yes,N/A,,,,,,Pinus nigra,41.79629,-87.5756,,,,,,,,,,,,187435,,,,,Good,,,,,,Alive,,,,,,,molly
,,No,,,TK Inventory,PINI,Austrian pine,,Fair,,,,,,,6,6-12in,,,,,,,,,Pinus,0101000020110F00006C651C822F9862C1B0FBBB9A40925341,Yes,N/A,,,,,,Pinus nigra,41.79618999999998,-87.5755,,,,,,,,,,,,187434,,,,,Good,,,,,,Alive,,,,,,,molly
,,No,,,TK Inventory,ACSA2,Sugar maple,,Fair,,,,,,,12,12-18in,,,,,,,,,Acer,0101000020110F000059E2AA3F399862C1260CD9603B925341,Yes,N/A,,,,,,Acer saccharum,41.796049999999994,-87.5762,,,,,,,,,,,,187433,,,,,Good,,,,,,Alive,,,,,,,molly
,,No,,,TK Inventory,CR,Hawthorn,,Good,,,,,,,12,12-18in,,,,,,,,,Crataegus,0101000020110F0000C9C91E2C879862C1F084A3B47C925341,Yes,N/A,,,,,,Crataegus,41.797799999999995,-87.5818,,,,,,,,,,,,187432,,,,,Good,,,,,,Alive,,,,,,,molly
,,No,,,TK Inventory,QUAL,White oak,,Good,,,,,,,6,6-12in,,,,,,,,,Quercus,0101000020110F00003BEFAC63849862C1C6FBF0957B925341,Yes,N/A,,,,,,Quercus alba,41.79777,-87.5816,,,,,,,,,,,,187431,,,,,Good,,,,,,Alive,,,,,,,molly
,,No,,,TK Inventory,CR,Hawthorn,,Good,,,,,,,12,12-18in,,,,,,,,,Crataegus,0101000020110F00004640AC576B9862C1A5636A9978925341,Yes,N/A,,,,,,Crataegus,41.79768999999999,-87.5798,,,,,,,,,,,,187430,,,,,Good,,,,,,Alive,,,,,,,molly
,,No,,,TK Inventory,CR,Hawthorn,,Good,,,,,,,12,12-18in,,,,,,,,,Crataegus,0101000020110F0000F60174FF829862C1566496BB76925341,Yes,N/A,,,,,,Crataegus,41.797639999999994,-87.5815,,,,,,,,,,,,187429,,,,,Good,,,,,,Alive,,,,,,,molly
,,No,,,TK Inventory,CEOC,Common hackberry,,Good,,,,,,,12,12-18in,,,,,,,,,Celtis,0101000020110F0000AE143B9B819862C1989A055C76925341,Yes,N/A,,,,,,Celtis occidentalis,41.797629999999984,-87.5814,,,,,,,,,,,,187428,,,,,Good,,,,,,Alive,,,,,,,molly
,,No,,,TK Inventory,JUNI,Eastern black walnut,,Good,,,,,,,24,24-30in,,,,,,,,,Juglans,0101000020110F0000AE143B9B819862C1FFAEEEFF72925341,Yes,N/A,,,,,,Juglans nigra,41.79753999999999,-87.5814,,,,,,,,,,,,187427,,,,,Good,,,,,,Alive,,,,,,,molly
,,No,,,TK Inventory,AEGL,Ohio buckeye,,Good,,,,,,,6,6-12in,,,,,,,,,Aesculus,0101000020110F000068270237809862C10AEF5DA072925341,Yes,N/A,,,,,,Aesculus glabra,41.797529999999995,-87.5813,,,,,,,,,,,,187426,,,,,Good,,,,,,Alive,,,,,,,molly
,,No,,,TK Inventory,AEGL,Ohio buckeye,,Good,,,,,,,6,6-12in,,,,,,,,,Aesculus,0101000020110F0000AE143B9B819862C18C12D8A36F925341,Yes,N/A,,,,,,Aesculus glabra,41.79744999999998,-87.5814,,,,,,,,,,,,187425,,,,,Good,,,,,,Alive,,,,,,,molly
,,No,,,TK Inventory,MA2,Crabapple,,Good,,,,,,,12,12-18in,,,,,,,,,Malus,0101000020110F00004E721EA67A9862C162C748DA77925341,Yes,N/A,,,,,,Malus,41.79766999999998,-87.5809,,,,,,,,,,,,187424,,,,,Good,,,,,,Alive,,,,,,,molly
,,No,,,TK Inventory,MA2,Crabapple,,Good,,,,,,,12,12-18in,,,,,,,,,Malus,0101000020110F0000945F570A7C9862C1092F271B77925341,Yes,N/A,,,,,,Malus,41.79764999999998,-87.581,,,,,,,,,,,,187423,,,,,Good,,,,,,Alive,,,,,,,molly
,,No,,,TK Inventory,MA2,Crabapple,,Good,,,,,,,12,12-18in,,,,,,,,,Malus,0101000020110F0000945F570A7C9862C1566496BB76925341,Yes,N/A,,,,,,Malus,41.797639999999994,-87.581,,,,,,,,,,,,187422,,,,,Good,,,,,,Alive,,,,,,,molly
,,No,,,TK Inventory,MA2,Crabapple,,Good,,,,,,,6,6-12in,,,,,,,,,Malus,0101000020110F0000945F570A7C9862C1F06F7F5F73925341,Yes,N/A,,,,,,Malus,41.797549999999994,-87.581,,,,,,,,,,,,187421,,,,,Good,,,,,,Alive,,,,,,,molly
,,No,,,TK Inventory,MA2,Crabapple,,Good,,,,,,,6,6-12in,,,,,,,,,Malus,0101000020110F0000945F570A7C9862C1FBF81A2271925341,Yes,N/A,,,,,,Malus,41.797489999999996,-87.581,,,,,,,,,,,,187420,,,,,Good,,,,,,Alive,,,,,,,molly
,,No,,,TK Inventory,MA2,Crabapple,,Good,,,,,,,6,6-12in,,,,,,,,,Malus,0101000020110F0000DB4C906E7D9862C18C12D8A36F925341,Yes,N/A,,,,,,Malus,41.79744999999998,-87.5811,,,,,,,,,,,,187419,,,,,Good,,,,,,Alive,,,,,,,molly
,,No,,,TK Inventory,GLTR,Honey locust,,Good,,,,,,,12,12-18in,,,,,,,,,Gleditsia,0101000020110F0000DB4C906E7D9862C13615CDAA69925341,Yes,N/A,,,,,,Gleditsia triacanthos,41.79728999999998,-87.5811,,,,,,,,,,,,187418,,,,,Good,,,,,,Alive,,,,,,,molly
,,No,,,TK Inventory,GLTR,Honey locust,,Good,,,,,,,12,12-18in,,,,,,,,,Gleditsia,0101000020110F0000EDCF01B1739862C13CB41F170D925341,Yes,N/A,,,,,,Gleditsia triacanthos,41.79481,-87.5804,,,,,,,,,,,,187417,,,,,Good,,,,,,Alive,,,,,,,molly
,,No,,,TK Inventory,GIBI,Ginkgo,,Good,,,,,,,12,12-18in,,,,,,,,,Ginkgo,0101000020110F0000B9653A8F689862C10BFF8FB70C925341,Yes,N/A,,,,,,Ginkgo biloba,41.79479999999999,-87.5796,,,,,,,,,,,,187416,,,,,Good,,,,,,Alive,,,,,,,molly
,,No,,,TK Inventory,AC,Maple,,Good,,,,,,,6,6-12in,,,,,,,,,Acer,0101000020110F000084FB726D5D9862C1656AAF760D925341,Yes,N/A,,,,,,Acer,41.794819999999994,-87.5788,,,,,,,,,,,,187415,,,,,Good,,,,,,Alive,,,,,,,molly
,,No,,,TK Inventory,CR,Hawthorn,,Good,,,,,,,6,6-12in,,,,,,,,,Crataegus,0101000020110F000084FB726D5D9862C10BFF8FB70C925341,Yes,N/A,,,,,,Crataegus,41.79479999999999,-87.5788,,,,,,,,,,,,187414,,,,,Good,,,,,,Alive,,,,,,,molly
,,No,,,TK Inventory,ACFR,Freeman maple,,Good,,,,,,,1,0-3in,,,,,,,,,Acer,0101000020110F0000D21A1E206E9862C15A384C7080925341,Yes,N/A,,,,,,Acer x freemanii,41.797899999999984,-87.58,,,,,,,,,,,,187413,,,,,Good,,,,,,Alive,,,,,,,molly
,,No,,,TK Inventory,MOAL,White mulberry,,Good,,,,,,,12,12-18in,,,,,,,,,Morus,0101000020110F000011D6E435609862C1C344E47064925341,Yes,N/A,,,,,,Morus alba,41.79714999999999,-87.579,,,,,,,,,,,,187412,,,,,Good,,,,,,Alive,,,,,,,molly
,,No,,,TK Inventory,ULS,Elm,,Good,,,,,,,3,3-6in,,,,,,,,,Ulmus,0101000020110F0000190857846F9862C10E09BAB85D925341,Yes,N/A,,,,,,Ulmus,41.796969999999995,-87.5801,,,,,,,,,,,,187411,,,,,Good,,,,,,Alive,,,,,,,molly
,,No,,,TK Inventory,CR,Hawthorn,,Good,,,,,,,6,6-12in,,,,,,,,,Crataegus,0101000020110F00009EB056FE629862C13CFAB1BF57925341,Yes,N/A,,,,,,Crataegus,41.79680999999999,-87.5792,,,,,,,,,,,,187410,,,,,Good,,,,,,Alive,,,,,,,molly
,,No,,,TK Inventory,,Miyabe's maple,,Good,,,,,,,3,3-6in,,,,,,,,,Acer,0101000020110F0000C097ACDD779862C12A7A325263925341,Yes,N/A,,,,,,Acer miyabei 'Morton',41.79712,-87.5807,,,,,,,,,,,,187409,,,,,Good,,,,,,Alive,,,,,,,molly
,,No,,,TK Inventory,GLTR,Honey locust,,Good,,,,,,,1,0-3in,,,,,,,,,Gleditsia,0101000020110F00000685E541799862C141E3A1F262925341,Yes,N/A,,,,,,Gleditsia triacanthos,41.79711000000001,-87.5808,,,,,,,,,,,,187408,,,,,Good,,,,,,Alive,,,,,,,molly
,,No,,,TK Inventory,QUBI,Swamp white oak,,Good,,,,,,,6,6-12in,,,,,,,,,Quercus,0101000020110F00004E721EA67A9862C1504D119362925341,Yes,N/A,,,,,,Quercus bicolor,41.7971,-87.5809,,,,,,,,,,,,187407,,,,,Good,,,,,,Alive,,,,,,,molly
,,No,,,TK Inventory,ULS,Elm,,Good,,,,,,,3,3-6in,,,,,,,,,Ulmus,0101000020110F0000D21A1E206E9862C1F96963DE58925341,Yes,N/A,,,,,,Ulmus,41.79684000000002,-87.58,,,,,,,,,,,,187406,,,,,Good,,,,,,Alive,,,,,,,molly
,,No,,,TK Inventory,GLTR,Honey locust,,Good,,,,,,,1,0-3in,,,,,,,,,Gleditsia,0101000020110F0000D21A1E206E9862C14C9300A156925341,Yes,N/A,,,,,,Gleditsia triacanthos,41.79677999999998,-87.58,,,,,,,,,,,,187405,,,,,Good,,,,,,Alive,,,,,,,molly
,,No,,,TK Inventory,CEOC,Common hackberry,,Good,,,,,,,12,12-18in,,,,,,,,,Celtis,0101000020110F0000DB4C906E7D9862C15AD9F9CC67925341,Yes,N/A,,,,,,Celtis occidentalis,41.797239999999995,-87.5811,,,,,,,,,,,,187404,,,,,Good,,,,,,Alive,,,,,,,molly
,,No,,,TK Inventory,GLTR,Honey locust,,Good,,,,,,,1,0-3in,,,,,,,,,Gleditsia,0101000020110F00007178012B679862C15AD9F9CC67925341,Yes,N/A,,,,,,Gleditsia triacanthos,41.797239999999995,-87.5795,,,,,,,,,,,,187403,,,,,Good,,,,,,Alive,,,,,,,molly
,,No,,,TK Inventory,GLTR,Honey locust,,Good,,,,,,,1,0-3in,,,,,,,,,Gleditsia,0101000020110F00009EB056FE629862C1B836696D67925341,Yes,N/A,,,,,,Gleditsia triacanthos,41.797230000000006,-87.5792,,,,,,,,,,,,187402,,,,,Good,,,,,,Alive,,,,,,,molly
,,No,,,TK Inventory,ULS,Elm,,Good,,,,,,,3,3-6in,,,,,,,,,Ulmus,0101000020110F0000A6E2C84C729862C10B95D80D67925341,Yes,N/A,,,,,,Ulmus,41.79721999999998,-87.5803,,,,,,,,,,,,187401,,,,,Good,,,,,,Alive,,,,,,,molly
,,No,,,TK Inventory,ULS,Elm,,Good,,,,,,,3,3-6in,,,,,,,,,Ulmus,0101000020110F0000A6E2C84C729862C1ECB526EF65925341,Yes,N/A,,,,,,Ulmus,41.79719,-87.5803,,,,,,,,,,,,187400,,,,,Good,,,,,,Alive,,,,,,,molly
,,No,,,TK Inventory,GLTR,Honey locust,,Good,,,,,,,1,0-3in,,,,,,,,,Gleditsia,0101000020110F0000CBE8ABD15E9862C1ECB526EF65925341,Yes,N/A,,,,,,Gleditsia triacanthos,41.79719,-87.5789,,,,,,,,,,,,187399,,,,,Good,,,,,,Alive,,,,,,,molly
,,No,,,TK Inventory,AC,Maple,,Good,,,,,,,6,6-12in,,,,,,,,,Acer,0101000020110F0000CBE8ABD15E9862C10BFF8FB70C925341,Yes,N/A,,,,,,Acer,41.79479999999999,-87.5789,,,,,,,,,,,,187398,,,,,Good,,,,,,Alive,,,,,,,molly
,,No,,,TK Inventory,AC,Maple,,Fair,,,,,,,12,12-18in,,,,,,,,,Acer,0101000020110F00003D0E3A095C9862C1D6FDBCD210925341,Yes,N/A,,,,,,Acer,41.794909999999994,-87.5787,,,,,,,,,,,,187397,,,,,Good,,,,,,Alive,,,,,,,molly
,,No,,,TK Inventory,TICO,Littleleaf linden,,Fair,,,,,,,12,12-18in,,,,,,,,,Tilia,0101000020110F000011D6E435609862C13CB41F170D925341,Yes,N/A,,,,,,Tilia cordata,41.79481,-87.579,,,,,,,,,,,,187396,,,,,Good,,,,,,Alive,,,,,,,molly
,,No,,,TK Inventory,AC,Maple,,Fair,,,,,,,24,24-30in,,,,,,,,,Acer,0101000020110F0000CBE8ABD15E9862C1D74A00580C925341,Yes,N/A,,,,,,Acer,41.79479,-87.5789,,,,,,,,,,,,187395,,,,,Good,,,,,,Alive,,,,,,,molly
,,No,,,TK Inventory,GIBI,Ginkgo,,Good,,,,,,,12,12-18in,,,,,,,,,Ginkgo,0101000020110F0000B9653A8F689862C1E6C30DB40F925341,Yes,N/A,,,,,,Ginkgo biloba,41.79488,-87.5796,,,,,,,,,,,,187394,,,,,Good,,,,,,Alive,,,,,,,molly
,,No,,,TK Inventory,ACSA2,Sugar maple,,Good,,,,,,,6,6-12in,,,,,,,,,Acer,0101000020110F00003D0E3A095C9862C18B213FD60D925341,Yes,N/A,,,,,,Acer saccharum,41.794830000000005,-87.5787,,,,,,,,,,,,187393,,,,,Good,,,,,,Alive,,,,,,,molly
,,No,,,TK Inventory,TICO,Littleleaf linden,,Good,,,,,,,24,24-30in,,,,,,,,,Tilia,0101000020110F000011D6E435609862C19E9770F80B925341,Yes,N/A,,,,,,Tilia cordata,41.79478000000001,-87.579,,,,,,,,,,,,187392,,,,,Good,,,,,,Alive,,,,,,,molly
,,No,,,TK Inventory,TICO,Littleleaf linden,,Fair,,,,,,,24,24-30in,,,,,,,,,Tilia,0101000020110F000058C31D9A619862C1D74A00580C925341,Yes,N/A,,,,,,Tilia cordata,41.79479,-87.5791,,,,,,,,,,,,187391,,,,,Good,,,,,,Alive,,,,,,,molly
,,No,,,TK Inventory,AEGL,Ohio buckeye,,Good,,,,,,,24,24-30in,,,,,,,,,Aesculus,0101000020110F0000A6E2C84C729862C1C344E47064925341,Yes,N/A,,,,,,Aesculus glabra,41.79714999999999,-87.5803,,,,,,,,,,,,187390,,,,,Good,,,,,,Alive,,,,,,,molly
,,No,,,TK Inventory,CR,Hawthorn,,Good,,,,,,,6,6-12in,,,,,,,,,Crataegus,0101000020110F000011D6E435609862C141E3A1F262925341,Yes,N/A,,,,,,Crataegus,41.79711000000001,-87.579,,,,,,,,,,,,187389,,,,,Good,,,,,,Alive,,,,,,,molly
,,No,,,TK Inventory,GIBI,Ginkgo,,Good,,,,,,,24,24-30in,,,,,,,,,Ginkgo,0101000020110F000060F58FE8709862C1504D119362925341,Yes,N/A,,,,,,Ginkgo biloba,41.7971,-87.5802,,,,,,,,,,,,187388,,,,,Good,,,,,,Alive,,,,,,,molly
,,No,,,TK Inventory,ACPL,Norway maple,,Good,,,,,,,12,12-18in,,,,,,,,,Acer,0101000020110F000058C31D9A619862C158B8803362925341,Yes,N/A,,,,,,Acer platanoides,41.79708999999998,-87.5791,,,,,,,,,,,,187387,,,,,Good,,,,,,Alive,,,,,,,molly
,,No,,,TK Inventory,MA2,Crabapple,,Good,,,,,,,3,3-6in,,,,,,,,,Malus,0101000020110F000058C31D9A619862C15E24F0D361925341,Yes,N/A,,,,,,Malus,41.797079999999994,-87.5791,,,,,,,,,,,,187386,,,,,Good,,,,,,Alive,,,,,,,molly
,,No,,,TK Inventory,ACFR,Freeman maple,,Good,,,,,,,6,6-12in,,,,,,,,,Acer,0101000020110F0000CBE8ABD15E9862C11D4F1DF65F925341,Yes,N/A,,,,,,Acer x freemanii,41.79702999999999,-87.5789,,,,,,,,,,,,187385,,,,,Good,,,,,,Alive,,,,,,,molly
,,No,,,TK Inventory,QUIM,Shingle oak,,Good,,,,,,,6,6-12in,,,,,,,,,Quercus,0101000020110F0000C097ACDD779862C1811CDB775E925341,Yes,N/A,,,,,,Quercus imbricaria,41.79699,-87.5807,,,,,,,,,,,,187384,,,,,Good,,,,,,Alive,,,,,,,molly
,,No,,,TK Inventory,ACFR,Freeman maple,,Good,,,,,,,6,6-12in,,,,,,,,,Acer,0101000020110F000084FB726D5D9862C14D924A185E925341,Yes,N/A,,,,,,Acer x freemanii,41.796980000000005,-87.5788,,,,,,,,,,,,187383,,,,,Good,,,,,,Alive,,,,,,,molly
,,No,,,TK Inventory,ACFR,Freeman maple,,Good,,,,,,,3,3-6in,,,,,,,,,Acer,0101000020110F00009EB056FE629862C14D924A185E925341,Yes,N/A,,,,,,Acer x freemanii,41.796980000000005,-87.5792,,,,,,,,,,,,187382,,,,,Good,,,,,,Alive,,,,,,,molly
,,No,,,TK Inventory,ACFR,Freeman maple,,Good,,,,,,,12,12-18in,,,,,,,,,Acer,0101000020110F0000F62001A55A9862C14D924A185E925341,Yes,N/A,,,,,,Acer x freemanii,41.796980000000005,-87.5786,,,,,,,,,,,,187381,,,,,Good,,,,,,Alive,,,,,,,molly
,,No,,,TK Inventory,CR,Hawthorn,,Good,,,,,,,6,6-12in,,,,,,,,,Crataegus,0101000020110F0000CBE8ABD15E9862C10E09BAB85D925341,Yes,N/A,,,,,,Crataegus,41.796969999999995,-87.5789,,,,,,,,,,,,187380,,,,,Good,,,,,,Alive,,,,,,,molly
,,No,,,TK Inventory,ULS,Elm,,Good,,,,,,,1,0-3in,,,,,,,,,Ulmus,0101000020110F0000CBE8ABD15E9862C1CA8029595D925341,Yes,N/A,,,,,,Ulmus,41.79695999999997,-87.5789,,,,,,,,,,,,187379,,,,,Good,,,,,,Alive,,,,,,,molly
,,No,,,TK Inventory,ACFR,Freeman maple,,Good,,,,,,,6,6-12in,,,,,,,,,Acer,0101000020110F00006A468FDC579862C161E235BC5A925341,Yes,N/A,,,,,,Acer x freemanii,41.79689,-87.5784,,,,,,,,,,,,187378,,,,,Good,,,,,,Alive,,,,,,,molly
,,No,,,TK Inventory,ACFR,Freeman maple,,Good,,,,,,,1,0-3in,,,,,,,,,Acer,0101000020110F000068270237809862C1F061A55C5A925341,Yes,N/A,,,,,,Acer x freemanii,41.79688,-87.5813,,,,,,,,,,,,187377,,,,,Good,,,,,,Alive,,,,,,,molly
,,No,,,TK Inventory,CR,Hawthorn,,Good,,,,,,,6,6-12in,,,,,,,,,Crataegus,0101000020110F00009EB056FE629862C178E214FD59925341,Yes,N/A,,,,,,Crataegus,41.796869999999984,-87.5792,,,,,,,,,,,,187376,,,,,Good,,,,,,Alive,,,,,,,molly
,,No,,,TK Inventory,ACFR,Freeman maple,,Good,,,,,,,6,6-12in,,,,,,,,,Acer,0101000020110F00006A468FDC579862C178E214FD59925341,Yes,N/A,,,,,,Acer x freemanii,41.796869999999984,-87.5784,,,,,,,,,,,,187375,,,,,Good,,,,,,Alive,,,,,,,molly
,,No,,,TK Inventory,GIBI,Ginkgo,,Good,,,,,,,12,12-18in,,,,,,,,,Ginkgo,0101000020110F00007AAA7379769862C17DE6F33D59925341,Yes,N/A,,,,,,Ginkgo biloba,41.79684999999999,-87.5806,,,,,,,,,,,,187374,,,,,Good,,,,,,Alive,,,,,,,molly
,,No,,,TK Inventory,ACSA2,Sugar maple,,Good,,,,,,,12,12-18in,,,,,,,,,Acer,0101000020110F00002DAA556C3D9862C17DE6F33D59925341,Yes,N/A,,,,,,Acer saccharum,41.79684999999999,-87.5765,,,,,,,,,,,,187373,,,,,Good,,,,,,Alive,,,,,,,molly
,,No,,,TK Inventory,ACFR,Freeman maple,,Good,,,,,,,3,3-6in,,,,,,,,,Acer,0101000020110F0000F62001A55A9862C17DE6F33D59925341,Yes,N/A,,,,,,Acer x freemanii,41.79684999999999,-87.5786,,,,,,,,,,,,187372,,,,,Good,,,,,,Alive,,,,,,,molly
,,No,,,TK Inventory,ACFR,Freeman maple,,Good,,,,,,,6,6-12in,,,,,,,,,Acer,0101000020110F0000B133C840599862C17DE6F33D59925341,Yes,N/A,,,,,,Acer x freemanii,41.79684999999999,-87.5785,,,,,,,,,,,,187371,,,,,Good,,,,,,Alive,,,,,,,molly
,,No,,,TK Inventory,ACFR,Freeman maple,,Good,,,,,,,24,24-30in,,,,,,,,,Acer,0101000020110F000084FB726D5D9862C1F96963DE58925341,Yes,N/A,,,,,,Acer x freemanii,41.79684000000002,-87.5788,,,,,,,,,,,,187370,,,,,Good,,,,,,Alive,,,,,,,molly
,,No,,,TK Inventory,GIBI,Ginkgo,,Good,,,,,,,24,24-30in,,,,,,,,,Ginkgo,0101000020110F0000C097ACDD779862C169EED27E58925341,Yes,N/A,,,,,,Ginkgo biloba,41.79683000000001,-87.5807,,,,,,,,,,,,187369,,,,,Good,,,,,,Alive,,,,,,,molly
,,No,,,TK Inventory,ACSA2,Sugar maple,,Good,,,,,,,12,12-18in,,,,,,,,,Acer,0101000020110F00002DAA556C3D9862C169EED27E58925341,Yes,N/A,,,,,,Acer saccharum,41.79683000000001,-87.5765,,,,,,,,,,,,187368,,,,,Good,,,,,,Alive,,,,,,,molly
,,No,,,TK Inventory,ULS,Elm,,Good,,,,,,,1,0-3in,,,,,,,,,Ulmus,0101000020110F000036DCC7BA4C9862C12C354F8255925341,Yes,N/A,,,,,,Ulmus,41.796749999999996,-87.5776,,,,,,,,,,,,187367,,,,,Good,,,,,,Alive,,,,,,,molly
,,No,,,TK Inventory,TICO,Littleleaf linden,,Good,,,,,,,12,12-18in,,,,,,,,,Tilia,0101000020110F000013F571DB379862C196E5AAC651925341,Yes,N/A,,,,,,Tilia cordata,41.79665,-87.5761,,,,,,,,,,,,187366,,,,,Good,,,,,,Alive,,,,,,,molly
,,No,,,TK Inventory,GLTR,Honey locust,,Good,,,,,,,24,24-30in,,,,,,,,,Gleditsia,0101000020110F0000C097ACDD779862C110B927CA4E925341,Yes,N/A,,,,,,Gleditsia triacanthos,41.79656999999999,-87.5807,,,,,,,,,,,,187365,,,,,Good,,,,,,Alive,,,,,,,molly
,,No,,,TK Inventory,GLTR,Honey locust,,Good,,,,,,,1,0-3in,,,,,,,,,Gleditsia,0101000020110F0000190857846F9862C1B3F7060B4E925341,Yes,N/A,,,,,,Gleditsia triacanthos,41.79654999999998,-87.5801,,,,,,,,,,,,187364,,,,,Good,,,,,,Alive,,,,,,,molly
,,No,,,TK Inventory,CR,Hawthorn,,Good,,,,,,,12,12-18in,,,,,,,,,Crataegus,0101000020110F00003D0E3A095C9862C1B3F7060B4E925341,Yes,N/A,,,,,,Crataegus,41.79654999999998,-87.5787,,,,,,,,,,,,187363,,,,,Good,,,,,,Alive,,,,,,,molly
,,No,,,TK Inventory,QUAL,White oak,,Good,,,,,,,6,6-12in,,,,,,,,,Quercus,0101000020110F00007AAA7379769862C101DD55EC4C925341,Yes,N/A,,,,,,Quercus alba,41.796519999999994,-87.5806,,,,,,,,,,,,187362,,,,,Good,,,,,,Alive,,,,,,,molly
,,No,,,TK Inventory,CR,Hawthorn,,Good,,,,,,,3,3-6in,,,,,,,,,Crataegus,0101000020110F0000861A0013359862C101DD55EC4C925341,Yes,N/A,,,,,,Crataegus,41.796519999999994,-87.5759,,,,,,,,,,,,187361,,,,,Good,,,,,,Alive,,,,,,,molly
,,No,,,TK Inventory,ACSA2,Sugar maple,,Good,,,,,,,12,12-18in,,,,,,,,,Acer,0101000020110F0000A1CFE3A33A9862C164265CE552925341,Yes,N/A,,,,,,Acer saccharum,41.79667999999999,-87.5763,,,,,,,,,,,,187360,,,,,Good,,,,,,Alive,,,,,,,molly
,,No,,,TK Inventory,GLTR,Honey locust,,Good,,,,,,,1,0-3in,,,,,,,,,Gleditsia,0101000020110F0000D21A1E206E9862C17DBACB8552925341,Yes,N/A,,,,,,Gleditsia triacanthos,41.796670000000006,-87.58,,,,,,,,,,,,187359,,,,,Good,,,,,,Alive,,,,,,,molly
,,No,,,TK Inventory,ACSA2,Sugar maple,,Good,,,,,,,3,3-6in,,,,,,,,,Acer,0101000020110F000060F58FE8709862C17DBACB8552925341,Yes,N/A,,,,,,Acer saccharum,41.796670000000006,-87.5802,,,,,,,,,,,,187358,,,,,Good,,,,,,Alive,,,,,,,molly
,,No,,,TK Inventory,GLTR,Honey locust,,Good,,,,,,,1,0-3in,,,,,,,,,Gleditsia,0101000020110F00008C2DE5BB6C9862C1894F3B2652925341,Yes,N/A,,,,,,Gleditsia triacanthos,41.79665999999999,-87.5799,,,,,,,,,,,,187357,,,,,Good,,,,,,Alive,,,,,,,molly
,,No,,,TK Inventory,ACSA1,Silver maple,,Good,,,,,,,3,3-6in,,,,,,,,,Acer,0101000020110F0000190857846F9862C1E9A8DFE155925341,Yes,N/A,,,,,,Acer saccharinum,41.79676,-87.5801,,,,,,,,,,,,187356,,,,,Good,,,,,,Alive,,,,,,,molly
,,No,,,TK Inventory,ACSA1,Silver maple,,Good,,,,,,,3,3-6in,,,,,,,,,Acer,0101000020110F0000190857846F9862C12C354F8255925341,Yes,N/A,,,,,,Acer saccharinum,41.796749999999996,-87.5801,,,,,,,,,,,,187355,,,,,Good,,,,,,Alive,,,,,,,molly
,,No,,,TK Inventory,ULS,Elm,,Good,,,,,,,1,0-3in,,,,,,,,,Ulmus,0101000020110F0000C2B639834F9862C16AC2BE2255925341,Yes,N/A,,,,,,Ulmus,41.79673999999999,-87.5778,,,,,,,,,,,,187354,,,,,Good,,,,,,Alive,,,,,,,molly
,,No,,,TK Inventory,CR,Hawthorn,,Good,,,,,,,12,12-18in,,,,,,,,,Crataegus,0101000020110F00006A468FDC579862C16AC2BE2255925341,Yes,N/A,,,,,,Crataegus,41.79673999999999,-87.5784,,,,,,,,,,,,187353,,,,,Good,,,,,,Alive,,,,,,,molly
,,No,,,TK Inventory,ACGI,Amur Maple,,Good,,,,,,,6,6-12in,,,,,,,,,Acer,0101000020110F00007CC9001F4E9862C128017DA453925341,Yes,N/A,,,,,,Acer ginnala,41.79669999999998,-87.5777,,,,,,,,,,,,187352,,,,,Good,,,,,,Alive,,,,,,,molly
,,No,,,TK Inventory,ACGI,Amur Maple,,Good,,,,,,,6,6-12in,,,,,,,,,Acer,0101000020110F00007CC9001F4E9862C128017DA453925341,Yes,N/A,,,,,,Acer ginnala,41.79669999999998,-87.5777,,,,,,,,,,,,187351,,,,,Good,,,,,,Alive,,,,,,,molly
,,No,,,TK Inventory,ACSA2,Sugar maple,,Good,,,,,,,12,12-18in,,,,,,,,,Acer,0101000020110F000059E2AA3F399862C14893EC4453925341,Yes,N/A,,,,,,Acer saccharum,41.79668999999998,-87.5762,,,,,,,,,,,,187350,,,,,Good,,,,,,Alive,,,,,,,molly
,,No,,,TK Inventory,ACSA2,Sugar maple,,Good,,,,,,,3,3-6in,,,,,,,,,Acer,0101000020110F0000190857846F9862C17DBACB8552925341,Yes,N/A,,,,,,Acer saccharum,41.796670000000006,-87.5801,,,,,,,,,,,,187349,,,,,Good,,,,,,Alive,,,,,,,molly
,,No,,,TK Inventory,ACSA2,Sugar maple,,Good,,,,,,,6,6-12in,,,,,,,,,Acer,0101000020110F000058C31D9A619862C17DBACB8552925341,Yes,N/A,,,,,,Acer saccharum,41.796670000000006,-87.5791,,,,,,,,,,,,187348,,,,,Good,,,,,,Alive,,,,,,,molly
,,No,,,TK Inventory,ACSA1,Silver maple,,Good,,,,,,,3,3-6in,,,,,,,,,Acer,0101000020110F0000D21A1E206E9862C196E5AAC651925341,Yes,N/A,,,,,,Acer saccharinum,41.79665,-87.58,,,,,,,,,,,,187347,,,,,Good,,,,,,Alive,,,,,,,molly
,,No,,,TK Inventory,ACSA2,Sugar maple,,Good,,,,,,,12,12-18in,,,,,,,,,Acer,0101000020110F0000CC073977369862C196E5AAC651925341,Yes,N/A,,,,,,Acer saccharum,41.79665,-87.576,,,,,,,,,,,,187346,,,,,Good,,,,,,Alive,,,,,,,molly
,,No,,,TK Inventory,ACSA2,Sugar maple,,Good,,,,,,,12,12-18in,,,,,,,,,Acer,0101000020110F00003D0E3A095C9862C196E5AAC651925341,Yes,N/A,,,,,,Acer saccharum,41.79665,-87.5787,,,,,,,,,,,,187345,,,,,Good,,,,,,Alive,,,,,,,molly
,,No,,,TK Inventory,TIAM,American linden,,Good,,,,,,,12,12-18in,,,,,,,,,Tilia,0101000020110F00003D0E3A095C9862C110B927CA4E925341,Yes,N/A,,,,,,Tilia americana,41.79656999999999,-87.5787,,,,,,,,,,,,187344,,,,,Good,,,,,,Alive,,,,,,,molly
,,No,,,TK Inventory,MO,Mulberry,,Good,,,,,,,24,24-30in,,,,,,,,,Morus,0101000020110F0000B133C840599862C110B927CA4E925341,Yes,N/A,,,,,,Morus,41.79656999999999,-87.5785,,,,,,,,,,,,187343,,,,,Good,,,,,,Alive,,,,,,,molly
,,No,,,TK Inventory,TIAM,American linden,,Good,,,,,,,6,6-12in,,,,,,,,,Tilia,0101000020110F00007AAA7379769862C1E657976A4E925341,Yes,N/A,,,,,,Tilia americana,41.79655999999999,-87.5806,,,,,,,,,,,,187342,,,,,Good,,,,,,Alive,,,,,,,molly
,,No,,,TK Inventory,ULS,Elm,,Good,,,,,,,1,0-3in,,,,,,,,,Ulmus,0101000020110F0000C2B639834F9862C11C16D3EF49925341,Yes,N/A,,,,,,Ulmus,41.79643999999998,-87.5778,,,,,,,,,,,,187341,,,,,Good,,,,,,Alive,,,,,,,molly
,,No,,,TK Inventory,ACSA2,Sugar maple,,Good,,,,,,,6,6-12in,,,,,,,,,Acer,0101000020110F00007CC9001F4E9862C152187F1545925341,Yes,N/A,,,,,,Acer saccharum,41.796310000000005,-87.5777,,,,,,,,,,,,187340,,,,,Good,,,,,,Alive,,,,,,,molly
,,No,,,TK Inventory,ACSA2,Sugar maple,,Good,,,,,,,12,12-18in,,,,,,,,,Acer,0101000020110F000023595678569862C124FF3D9743925341,Yes,N/A,,,,,,Acer saccharum,41.79627,-87.5783,,,,,,,,,,,,187339,,,,,Good,,,,,,Alive,,,,,,,molly
,,No,,,TK Inventory,PODE,Eastern cottonwood,,Good,,,,,,,36,>30in,,,,,,,,,Populus,0101000020110F0000C097ACDD779862C1B076DC5941925341,Yes,N/A,,,,,,Populus deltoides,41.79620999999999,-87.5807,,,,,,,,,,,,187338,,,,,Good,,,,,,Alive,,,,,,,molly
,,No,,,TK Inventory,CR,Hawthorn,,Good,,,,,,,6,6-12in,,,,,,,,,Crataegus,0101000020110F0000BA84C734409862C198849BDB3F925341,Yes,N/A,,,,,,Crataegus,41.79616999999998,-87.5767,,,,,,,,,,,,187337,,,,,Good,,,,,,Alive,,,,,,,molly
,,No,,,TK Inventory,ACSA2,Sugar maple,,Good,,,,,,,12,12-18in,,,,,,,,,Acer,0101000020110F0000E7BC1C083C9862C11E41C09346925341,Yes,N/A,,,,,,Acer saccharum,41.79634999999998,-87.5764,,,,,,,,,,,,187336,,,,,Good,,,,,,Alive,,,,,,,molly
,,No,,,TK Inventory,ACSA2,Sugar maple,,Good,,,,,,,6,6-12in,,,,,,,,,Acer,0101000020110F00003D0E3A095C9862C18F6B634F4A925341,Yes,N/A,,,,,,Acer saccharum,41.79645,-87.5787,,,,,,,,,,,,187335,,,,,Good,,,,,,Alive,,,,,,,molly
,,No,,,TK Inventory,ULS,Elm,,Good,,,,,,,3,3-6in,,,,,,,,,Ulmus,0101000020110F0000B9653A8F689862C11C16D3EF49925341,Yes,N/A,,,,,,Ulmus,41.79643999999998,-87.5796,,,,,,,,,,,,187334,,,,,Good,,,,,,Alive,,,,,,,molly
,,No,,,TK Inventory,CR,Hawthorn,,Good,,,,,,,3,3-6in,,,,,,,,,Crataegus,0101000020110F0000FF5273F3699862C1A7C1429049925341,Yes,N/A,,,,,,Crataegus,41.796429999999994,-87.5797,,,,,,,,,,,,187333,,,,,Good,,,,,,Alive,,,,,,,molly
,,No,,,TK Inventory,,Unknown; Broadleaf Deciduous,,Good,,,,,,,3,3-6in,,,,,,,,,,0101000020110F0000A6E2C84C729862C1A7C1429049925341,No,N/A,,,,,,,41.796429999999994,-87.5803,,,,,,,,,,,,187332,,,,,Good,,,,,,Alive,,,,,,,molly
,,No,,,TK Inventory,ACSA2,Sugar maple,,Good,,,,,,,6,6-12in,,,,,,,,,Acer,0101000020110F0000C2B639834F9862C1A7C1429049925341,Yes,N/A,,,,,,Acer saccharum,41.796429999999994,-87.5778,,,,,,,,,,,,187331,,,,,Good,,,,,,Alive,,,,,,,molly
,,No,,,TK Inventory,ACSA2,Sugar maple,,Good,,,,,,,6,6-12in,,,,,,,,,Acer,0101000020110F00003F2DC7AE339862C1A7C1429049925341,Yes,N/A,,,,,,Acer saccharum,41.796429999999994,-87.5758,,,,,,,,,,,,187330,,,,,Good,,,,,,Alive,,,,,,,molly
,,No,,,TK Inventory,ACRU,Red maple,,Good,,,,,,,3,3-6in,,,,,,,,,Acer,0101000020110F0000D21A1E206E9862C1296EB23049925341,Yes,N/A,,,,,,Acer rubrum,41.79641999999998,-87.58,,,,,,,,,,,,187329,,,,,Good,,,,,,Alive,,,,,,,molly
,,No,,,TK Inventory,GIBI,Ginkgo,,Good,,,,,,,12,12-18in,,,,,,,,,Ginkgo,0101000020110F000001720099419862C1A81B22D148925341,Yes,N/A,,,,,,Ginkgo biloba,41.796409999999995,-87.5768,,,,,,,,,,,,187328,,,,,Good,,,,,,Alive,,,,,,,molly
,,No,,,TK Inventory,ACSA2,Sugar maple,,Good,,,,,,,12,12-18in,,,,,,,,,Acer,0101000020110F0000A80156F2499862C1A81B22D148925341,Yes,N/A,,,,,,Acer saccharum,41.796409999999995,-87.5774,,,,,,,,,,,,187327,,,,,Good,,,,,,Alive,,,,,,,molly
,,No,,,TK Inventory,GLTR,Honey locust,,Good,,,,,,,3,3-6in,,,,,,,,,Gleditsia,0101000020110F0000861A0013359862C1C58D50F346925341,Yes,N/A,,,,,,Gleditsia triacanthos,41.796359999999986,-87.5759,,,,,,,,,,,,187326,,,,,Good,,,,,,Alive,,,,,,,molly
,,No,,,TK Inventory,ACSA2,Sugar maple,,Good,,,,,,,12,12-18in,,,,,,,,,Acer,0101000020110F00008E4C7261449862C1C58D50F346925341,Yes,N/A,,,,,,Acer saccharum,41.796359999999986,-87.577,,,,,,,,,,,,187325,,,,,Good,,,,,,Alive,,,,,,,molly
,,No,,,TK Inventory,ACSA2,Sugar maple,,Good,,,,,,,12,12-18in,,,,,,,,,Acer,0101000020110F00008E4C7261449862C1C58D50F346925341,Yes,N/A,,,,,,Acer saccharum,41.796359999999986,-87.577,,,,,,,,,,,,187324,,,,,Good,,,,,,Alive,,,,,,,molly
,,No,,,TK Inventory,MA2,Crabapple,,Good,,,,,,,1,0-3in,,,,,,,,,Malus,0101000020110F00001B27E429479862C11E41C09346925341,Yes,N/A,,,,,,Malus,41.79634999999998,-87.5772,,,,,,,,,,,,187323,,,,,Good,,,,,,Alive,,,,,,,molly
,,No,,,TK Inventory,,American witch-hazel,,Good,,,,,,,12,12-18in,,,,,,,,,Hamamelis,0101000020110F00006A468FDC579862C11E41C09346925341,Yes,N/A,,,,,,Hamamelis virginiana,41.79634999999998,-87.5784,,,,,,,,,,,,187322,,,,,Good,,,,,,Alive,,,,,,,molly
,,No,,,TK Inventory,ACSA2,Sugar maple,,Good,,,,,,,3,3-6in,,,,,,,,,Acer,0101000020110F00003F2DC7AE339862C11E41C09346925341,Yes,N/A,,,,,,Acer saccharum,41.79634999999998,-87.5758,,,,,,,,,,,,187321,,,,,Good,,,,,,Alive,,,,,,,molly
,,No,,,TK Inventory,ACSA2,Sugar maple,,Good,,,,,,,12,12-18in,,,,,,,,,Acer,0101000020110F00006A468FDC579862C1C1AA9FD445925341,Yes,N/A,,,,,,Acer saccharum,41.796329999999976,-87.5784,,,,,,,,,,,,187320,,,,,Good,,,,,,Alive,,,,,,,molly
,,No,,,TK Inventory,CR,Hawthorn,,Good,,,,,,,6,6-12in,,,,,,,,,Crataegus,0101000020110F000084FB726D5D9862C152187F1545925341,Yes,N/A,,,,,,Crataegus,41.796310000000005,-87.5788,,,,,,,,,,,,187319,,,,,Good,,,,,,Alive,,,,,,,molly
,,No,,,TK Inventory,GLTR,Honey locust,,Good,,,,,,,1,0-3in,,,,,,,,,Gleditsia,0101000020110F00003F2DC7AE339862C18DD0EEB544925341,Yes,N/A,,,,,,Gleditsia triacanthos,41.79629999999998,-87.5758,,,,,,,,,,,,187318,,,,,Good,,,,,,Alive,,,,,,,molly
,,No,,,TK Inventory,CR,Hawthorn,,Good,,,,,,,6,6-12in,,,,,,,,,Crataegus,0101000020110F000084FB726D5D9862C18DD0EEB544925341,Yes,N/A,,,,,,Crataegus,41.79629999999998,-87.5788,,,,,,,,,,,,187317,,,,,Good,,,,,,Alive,,,,,,,molly
,,No,,,TK Inventory,ACSA2,Sugar maple,,Good,,,,,,,12,12-18in,,,,,,,,,Acer,0101000020110F000011D6E435609862C18DD0EEB544925341,Yes,N/A,,,,,,Acer saccharum,41.79629999999998,-87.579,,,,,,,,,,,,187316,,,,,Good,,,,,,Alive,,,,,,,molly
,,No,,,TK Inventory,GLTR,Honey locust,,Good,,,,,,,1,0-3in,,,,,,,,,Gleditsia,0101000020110F00003F2DC7AE339862C1C7895E5644925341,Yes,N/A,,,,,,Gleditsia triacanthos,41.79629,-87.5758,,,,,,,,,,,,187315,,,,,Good,,,,,,Alive,,,,,,,molly
,,No,,,TK Inventory,GLTR,Honey locust,,Good,,,,,,,6,6-12in,,,,,,,,,Gleditsia,0101000020110F00007AAA7379769862C1C7895E5644925341,Yes,N/A,,,,,,Gleditsia triacanthos,41.79629,-87.5806,,,,,,,,,,,,187314,,,,,Good,,,,,,Alive,,,,,,,molly
,,No,,,TK Inventory,AEHI,Horsechestnut,,Good,,,,,,,6,6-12in,,,,,,,,,Aesculus,0101000020110F00008C2DE5BB6C9862C1C7895E5644925341,Yes,N/A,,,,,,Aesculus hippocastanum,41.79629,-87.5799,,,,,,,,,,,,187313,,,,,Good,,,,,,Alive,,,,,,,molly
,,No,,,TK Inventory,ACSA2,Sugar maple,,Good,,,,,,,12,12-18in,,,,,,,,,Acer,0101000020110F0000EEEE8E564B9862C1C7895E5644925341,Yes,N/A,,,,,,Acer saccharum,41.79629,-87.5775,,,,,,,,,,,,187312,,,,,Good,,,,,,Alive,,,,,,,molly
,,No,,,TK Inventory,ACSA2,Sugar maple,,Good,,,,,,,12,12-18in,,,,,,,,,Acer,0101000020110F0000967EE4AF539862C1C7895E5644925341,Yes,N/A,,,,,,Acer saccharum,41.79629,-87.5781,,,,,,,,,,,,187311,,,,,Good,,,,,,Alive,,,,,,,molly
,,No,,,TK Inventory,ACSA2,Sugar maple,,Good,,,,,,,12,12-18in,,,,,,,,,Acer,0101000020110F00005091AB4B529862C124FF3D9743925341,Yes,N/A,,,,,,Acer saccharum,41.79627,-87.578,,,,,,,,,,,,187310,,,,,Good,,,,,,Alive,,,,,,,molly
,,No,,,TK Inventory,TIAM,American linden,,Good,,,,,,,12,12-18in,,,,,,,,,Tilia,0101000020110F00004640AC576B9862C149BBAD3743925341,Yes,N/A,,,,,,Tilia americana,41.79625999999998,-87.5798,,,,,,,,,,,,187309,,,,,Good,,,,,,Alive,,,,,,,molly
,,No,,,TK Inventory,GLTR,Honey locust,,Good,,,,,,,24,24-30in,,,,,,,,,Gleditsia,0101000020110F000023595678569862C1B076DC5941925341,Yes,N/A,,,,,,Gleditsia triacanthos,41.79620999999999,-87.5783,,,,,,,,,,,,187308,,,,,Good,,,,,,Alive,,,,,,,molly
,,No,,,TK Inventory,ACFR,Freeman maple,,Good,,,,,,,12,12-18in,,,,,,,,,Acer,0101000020110F0000FF5273F3699862C1B076DC5941925341,Yes,N/A,,,,,,Acer x freemanii,41.79620999999999,-87.5797,,,,,,,,,,,,187307,,,,,Good,,,,,,Alive,,,,,,,molly
,,No,,,TK Inventory,CASP,Northern catalpa,,Good,,,,,,,3,3-6in,,,,,,,,,Catalpa,0101000020110F00007178012B679862C1B5384CFA40925341,Yes,N/A,,,,,,Catalpa speciosa,41.7962,-87.5795,,,,,,,,,,,,187306,,,,,Good,,,,,,Alive,,,,,,,molly
,,No,,,TK Inventory,TIAM,American linden,,Good,,,,,,,12,12-18in,,,,,,,,,Tilia,0101000020110F00007AAA7379769862C1278EC70438925341,Yes,N/A,,,,,,Tilia americana,41.795959999999994,-87.5806,,,,,,,,,,,,187305,,,,,Good,,,,,,Alive,,,,,,,molly
,,No,,,TK Inventory,GLTR,Honey locust,,Good,,,,,,,24,24-30in,,,,,,,,,Gleditsia,0101000020110F0000C097ACDD779862C1278EC70438925341,Yes,N/A,,,,,,Gleditsia triacanthos,41.795959999999994,-87.5807,,,,,,,,,,,,187304,,,,,Good,,,,,,Alive,,,,,,,molly
,,No,,,TK Inventory,ACSA2,Sugar maple,,Good,,,,,,,12,12-18in,,,,,,,,,Acer,0101000020110F000084FB726D5D9862C1996837A537925341,Yes,N/A,,,,,,Acer saccharum,41.79595,-87.5788,,,,,,,,,,,,187303,,,,,Good,,,,,,Alive,,,,,,,molly
,,No,,,TK Inventory,QUBI,Swamp white oak,,Good,,,,,,,6,6-12in,,,,,,,,,Quercus,0101000020110F00007AAA7379769862C1662017E636925341,Yes,N/A,,,,,,Quercus bicolor,41.79592999999997,-87.5806,,,,,,,,,,,,187302,,,,,Good,,,,,,Alive,,,,,,,molly
,,No,,,TK Inventory,GIBI,Ginkgo,,Good,,,,,,,12,12-18in,,,,,,,,,Ginkgo,0101000020110F0000C097ACDD779862C144D9E5CA32925341,Yes,N/A,,,,,,Ginkgo biloba,41.795820000000006,-87.5807,,,,,,,,,,,,187301,,,,,Good,,,,,,Alive,,,,,,,molly
,,No,,,TK Inventory,GIBI,Ginkgo,,Good,,,,,,,12,12-18in,,,,,,,,,Ginkgo,0101000020110F0000A6E2C84C729862C17D112FD7F1915341,Yes,N/A,,,,,,Ginkgo biloba,41.794079999999994,-87.5803,,,,,,,,,,,,187300,,,,,Good,,,,,,Alive,,,,,,,molly
,,No,,,TK Inventory,GIBI,Ginkgo,,Good,,,,,,,12,12-18in,,,,,,,,,Ginkgo,0101000020110F0000A6E2C84C729862C1F8F561F9EF915341,Yes,N/A,,,,,,Ginkgo biloba,41.79402999999999,-87.5803,,,,,,,,,,,,187299,,,,,Good,,,,,,Alive,,,,,,,molly
,,No,,,TK Inventory,ACSA2,Sugar maple,,Good,,,,,,,12,12-18in,,,,,,,,,Acer,0101000020110F0000B15255E6309862C1CEDD48013B925341,Yes,N/A,,,,,,Acer saccharum,41.79604000000001,-87.5756,,,,,,,,,,,,187298,,,,,Good,,,,,,Alive,,,,,,,molly
,,No,,,TK Inventory,PLOC,American sycamore,,Good,,,,,,,12,12-18in,,,,,,,,,Platanus,0101000020110F0000A6E2C84C729862C18BED191FEB915341,Yes,N/A,,,,,,Platanus occidentalis,41.7939,-87.5803,,,,,,,,,,,,187297,,,,,Good,,,,,,Alive,,,,,,,molly
,,No,,,TK Inventory,CR,Hawthorn,,Good,,,,,,,6,6-12in,,,,,,,,,Crataegus,0101000020110F00004640AC576B9862C1864A0B7C3F925341,Yes,N/A,,,,,,Crataegus,41.79615999999999,-87.5798,,,,,,,,,,,,187296,,,,,Good,,,,,,Alive,,,,,,,molly
,,No,,,TK Inventory,ULS,Elm,,Good,,,,,,,3,3-6in,,,,,,,,,Ulmus,0101000020110F00007178012B679862C129A25A5D3E925341,Yes,N/A,,,,,,Ulmus,41.79613000000001,-87.5795,,,,,,,,,,,,187295,,,,,Good,,,,,,Alive,,,,,,,molly
,,No,,,TK Inventory,TICO,Littleleaf linden,,Good,,,,,,,24,24-30in,,,,,,,,,Tilia,0101000020110F0000CBE8ABD15E9862C129A25A5D3E925341,Yes,N/A,,,,,,Tilia cordata,41.79613000000001,-87.5789,,,,,,,,,,,,187294,,,,,Good,,,,,,Alive,,,,,,,molly
,,No,,,TK Inventory,MA2,Crabapple,,Good,,,,,,,6,6-12in,,,,,,,,,Malus,0101000020110F00004640AC576B9862C1FA6BCAFD3D925341,Yes,N/A,,,,,,Malus,41.79611999999998,-87.5798,,,,,,,,,,,,187293,,,,,Good,,,,,,Alive,,,,,,,molly
,,No,,,TK Inventory,MO,Mulberry,,Good,,,,,,,1,0-3in,,,,,,,,,Morus,0101000020110F0000967EE4AF539862C1CB363A9E3D925341,Yes,N/A,,,,,,Morus,41.79611,-87.5781,,,,,,,,,,,,187292,,,,,Good,,,,,,Alive,,,,,,,molly
,,No,,,TK Inventory,ACSA2,Sugar maple,,Good,,,,,,,6,6-12in,,,,,,,,,Acer,0101000020110F00002DAA556C3D9862C1CB363A9E3D925341,Yes,N/A,,,,,,Acer saccharum,41.79611,-87.5765,,,,,,,,,,,,187291,,,,,Good,,,,,,Alive,,,,,,,molly
,,No,,,TK Inventory,MA2,Crabapple,,Good,,,,,,,3,3-6in,,,,,,,,,Malus,0101000020110F00004640AC576B9862C1CEDD48013B925341,Yes,N/A,,,,,,Malus,41.79604000000001,-87.5798,,,,,,,,,,,,187290,,,,,Good,,,,,,Alive,,,,,,,molly
,,No,,,TK Inventory,ACSA2,Sugar maple,,Good,,,,,,,12,12-18in,,,,,,,,,Acer,0101000020110F00002DAA556C3D9862C16BB0B8A13A925341,Yes,N/A,,,,,,Acer saccharum,41.79602999999999,-87.5765,,,,,,,,,,,,187289,,,,,Good,,,,,,Alive,,,,,,,molly
,,No,,,TK Inventory,ACSA2,Sugar maple,,Good,,,,,,,6,6-12in,,,,,,,,,Acer,0101000020110F00006A468FDC579862C16BB0B8A13A925341,Yes,N/A,,,,,,Acer saccharum,41.79602999999999,-87.5784,,,,,,,,,,,,187288,,,,,Good,,,,,,Alive,,,,,,,molly
,,No,,,TK Inventory,ACSA2,Sugar maple,,Good,,,,,,,6,6-12in,,,,,,,,,Acer,0101000020110F0000B133C840599862C1088428423A925341,Yes,N/A,,,,,,Acer saccharum,41.796020000000006,-87.5785,,,,,,,,,,,,187287,,,,,Good,,,,,,Alive,,,,,,,molly
,,No,,,TK Inventory,CR,Hawthorn,,Good,,,,,,,3,3-6in,,,,,,,,,Crataegus,0101000020110F0000A1CFE3A33A9862C19A5898E239925341,Yes,N/A,,,,,,Crataegus,41.796009999999995,-87.5763,,,,,,,,,,,,187286,,,,,Good,,,,,,Alive,,,,,,,molly
,,No,,,TK Inventory,GIBI,Ginkgo,,Good,,,,,,,12,12-18in,,,,,,,,,Ginkgo,0101000020110F00007AAA7379769862C17CAAC50B32925341,Yes,N/A,,,,,,Ginkgo biloba,41.7958,-87.5806,,,,,,,,,,,,187285,,,,,Good,,,,,,Alive,,,,,,,molly
,,No,,,TK Inventory,GIBI,Ginkgo,,Good,,,,,,,12,12-18in,,,,,,,,,Ginkgo,0101000020110F0000C097ACDD779862C18B25D56E2F925341,Yes,N/A,,,,,,Ginkgo biloba,41.79573,-87.5807,,,,,,,,,,,,187284,,,,,Good,,,,,,Alive,,,,,,,molly
,,No,,,TK Inventory,GIBI,Ginkgo,,Good,,,,,,,12,12-18in,,,,,,,,,Ginkgo,0101000020110F00007AAA7379769862C136FB24502E925341,Yes,N/A,,,,,,Ginkgo biloba,41.79569999999998,-87.5806,,,,,,,,,,,,187283,,,,,Good,,,,,,Alive,,,,,,,molly
,,No,,,TK Inventory,TIAM,American linden,,Good,,,,,,,1,0-3in,,,,,,,,,Tilia,0101000020110F00007178012B679862C174A9D47529925341,Yes,N/A,,,,,,Tilia americana,41.79556999999997,-87.5795,,,,,,,,,,,,187282,,,,,Good,,,,,,Alive,,,,,,,molly
,,No,,,TK Inventory,ACSA2,Sugar maple,,Good,,,,,,,12,12-18in,,,,,,,,,Acer,0101000020110F000061141D8E489862C1DBFC849B24925341,Yes,N/A,,,,,,Acer saccharum,41.79544,-87.5773,,,,,,,,,,,,187281,,,,,Good,,,,,,Alive,,,,,,,molly
,,No,,,TK Inventory,ACSA2,Sugar maple,,Good,,,,,,,6,6-12in,,,,,,,,,Acer,0101000020110F000013F571DB379862C11A0AF53B24925341,Yes,N/A,,,,,,Acer saccharum,41.79542999999999,-87.5761,,,,,,,,,,,,187280,,,,,Good,,,,,,Alive,,,,,,,molly
,,No,,,TK Inventory,ACSA2,Sugar maple,,Good,,,,,,,6,6-12in,,,,,,,,,Acer,0101000020110F000036DCC7BA4C9862C1571865DC23925341,Yes,N/A,,,,,,Acer saccharum,41.79541999999999,-87.5776,,,,,,,,,,,,187279,,,,,Good,,,,,,Alive,,,,,,,molly
,,No,,,TK Inventory,ACSA2,Sugar maple,,Good,,,,,,,6,6-12in,,,,,,,,,Acer,0101000020110F00008E4C7261449862C15397753F21925341,Yes,N/A,,,,,,Acer saccharum,41.79535,-87.577,,,,,,,,,,,,187278,,,,,Good,,,,,,Alive,,,,,,,molly
,,No,,,TK Inventory,ACSA2,Sugar maple,,Good,,,,,,,6,6-12in,,,,,,,,,Acer,0101000020110F0000D539ABC5459862C163DCC52020925341,Yes,N/A,,,,,,Acer saccharum,41.795319999999975,-87.5771,,,,,,,,,,,,187277,,,,,Good,,,,,,Alive,,,,,,,molly
,,No,,,TK Inventory,CR,Hawthorn,,Good,,,,,,,24,24-30in,,,,,,,,,Crataegus,0101000020110F00007CC9001F4E9862C18A27D57C23925341,Yes,N/A,,,,,,Crataegus,41.79540999999998,-87.5777,,,,,,,,,,,,187276,,,,,Good,,,,,,Alive,,,,,,,molly
,,No,,,TK Inventory,ACSA2,Sugar maple,,Good,,,,,,,6,6-12in,,,,,,,,,Acer,0101000020110F0000EEEE8E564B9862C18A27D57C23925341,Yes,N/A,,,,,,Acer saccharum,41.79540999999998,-87.5775,,,,,,,,,,,,187275,,,,,Good,,,,,,Alive,,,,,,,molly
,,No,,,TK Inventory,GIBI,Ginkgo,,Good,,,,,,,12,12-18in,,,,,,,,,Ginkgo,0101000020110F0000C097ACDD779862C17CAAC50B32925341,Yes,N/A,,,,,,Ginkgo biloba,41.7958,-87.5807,,,,,,,,,,,,187274,,,,,Good,,,,,,Alive,,,,,,,molly
,,No,,,TK Inventory,CACA,American hornbeam,,Good,,,,,,,3,3-6in,,,,,,,,,Carpinus,0101000020110F00004640AC576B9862C18D9435AC31925341,Yes,N/A,,,,,,Carpinus caroliniana,41.79578999999998,-87.5798,,,,,,,,,,,,187273,,,,,Good,,,,,,Alive,,,,,,,molly
,,No,,,TK Inventory,MA2,Crabapple,,Good,,,,,,,3,3-6in,,,,,,,,,Malus,0101000020110F000033BD3A15759862C19D7FA54C31925341,Yes,N/A,,,,,,Malus,41.79577999999999,-87.5805,,,,,,,,,,,,187272,,,,,Good,,,,,,Alive,,,,,,,molly
,,No,,,TK Inventory,GIBI,Ginkgo,,Good,,,,,,,24,24-30in,,,,,,,,,Ginkgo,0101000020110F0000C097ACDD779862C1A66B15ED30925341,Yes,N/A,,,,,,Ginkgo biloba,41.79577,-87.5807,,,,,,,,,,,,187271,,,,,Good,,,,,,Alive,,,,,,,molly
,,No,,,TK Inventory,CR,Hawthorn,,Good,,,,,,,12,12-18in,,,,,,,,,Crataegus,0101000020110F000084FB726D5D9862C1993565CE2F925341,Yes,N/A,,,,,,Crataegus,41.795739999999995,-87.5788,,,,,,,,,,,,187270,,,,,Good,,,,,,Alive,,,,,,,molly
,,No,,,TK Inventory,CACA,American hornbeam,,Good,,,,,,,3,3-6in,,,,,,,,,Carpinus,0101000020110F00004640AC576B9862C18B25D56E2F925341,Yes,N/A,,,,,,Carpinus caroliniana,41.79573,-87.5798,,,,,,,,,,,,187269,,,,,Good,,,,,,Alive,,,,,,,molly
,,No,,,TK Inventory,MA2,Crabapple,,Good,,,,,,,6,6-12in,,,,,,,,,Malus,0101000020110F00004640AC576B9862C19002AA3E3D925341,Yes,N/A,,,,,,Malus,41.79609999999998,-87.5798,,,,,,,,,,,,187268,,,,,Good,,,,,,Alive,,,,,,,molly
,,No,,,TK Inventory,ACSA2,Sugar maple,,Good,,,,,,,6,6-12in,,,,,,,,,Acer,0101000020110F0000CBE8ABD15E9862C136FB24502E925341,Yes,N/A,,,,,,Acer saccharum,41.79569999999998,-87.5789,,,,,,,,,,,,187267,,,,,Good,,,,,,Alive,,,,,,,molly
,,No,,,TK Inventory,TIAM,American linden,,Good,,,,,,,12,12-18in,,,,,,,,,Tilia,0101000020110F00004640AC576B9862C112EF94F02D925341,Yes,N/A,,,,,,Tilia americana,41.79568999999999,-87.5798,,,,,,,,,,,,187266,,,,,Good,,,,,,Alive,,,,,,,molly
,,No,,,TK Inventory,QUBI,Swamp white oak,,Good,,,,,,,12,12-18in,,,,,,,,,Quercus,0101000020110F0000FF5273F3699862C1ADAD84942A925341,Yes,N/A,,,,,,Quercus bicolor,41.79559999999999,-87.5797,,,,,,,,,,,,187265,,,,,Good,,,,,,Alive,,,,,,,molly
,,No,,,TK Inventory,MA2,Crabapple,,Good,,,,,,,1,0-3in,,,,,,,,,Malus,0101000020110F00008C2DE5BB6C9862C14EABF4342A925341,Yes,N/A,,,,,,Malus,41.795590000000004,-87.5799,,,,,,,,,,,,187264,,,,,Good,,,,,,Alive,,,,,,,molly
,,No,,,TK Inventory,MA2,Crabapple,,Good,,,,,,,1,0-3in,,,,,,,,,Malus,0101000020110F00008C2DE5BB6C9862C174A9D47529925341,Yes,N/A,,,,,,Malus,41.79556999999997,-87.5799,,,,,,,,,,,,187263,,,,,Good,,,,,,Alive,,,,,,,molly
,,No,,,TK Inventory,CR,Hawthorn,,Good,,,,,,,3,3-6in,,,,,,,,,Crataegus,0101000020110F00007178012B679862C18DABB4B628925341,Yes,N/A,,,,,,Crataegus,41.79555,-87.5795,,,,,,,,,,,,187262,,,,,Good,,,,,,Alive,,,,,,,molly
,,No,,,TK Inventory,AEHI,Horsechestnut,,Good,,,,,,,12,12-18in,,,,,,,,,Aesculus,0101000020110F0000EDCF01B1739862C18DABB4B628925341,Yes,N/A,,,,,,Aesculus hippocastanum,41.79555,-87.5804,,,,,,,,,,,,187261,,,,,Good,,,,,,Alive,,,,,,,molly
,,No,,,TK Inventory,ACRU,Red maple,,Good,,,,,,,6,6-12in,,,,,,,,,Acer,0101000020110F000009A472E7509862C1F4DA34BA25925341,Yes,N/A,,,,,,Acer rubrum,41.795469999999995,-87.5779,,,,,,,,,,,,187260,,,,,Good,,,,,,Alive,,,,,,,molly
,,No,,,TK Inventory,ACSA2,Sugar maple,,Good,,,,,,,6,6-12in,,,,,,,,,Acer,0101000020110F0000CBE8ABD15E9862C1993565CE2F925341,Yes,N/A,,,,,,Acer saccharum,41.795739999999995,-87.5789,,,,,,,,,,,,187259,,,,,Good,,,,,,Alive,,,,,,,molly
,,No,,,TK Inventory,ULS,Elm,,Fair,,,,,,,3,3-6in,,,,,,,,,Ulmus,0101000020110F000061141D8E489862C118CBA4CD4B925341,Yes,N/A,,,,,,Ulmus,41.79649,-87.5773,,,,,,,,,,,,187258,,,,,Good,,,,,,Alive,,,,,,,molly
,,No,,,TK Inventory,ULS,Elm,,Fair,,,,,,,1,0-3in,,,,,,,,,Ulmus,0101000020110F0000A1CFE3A33A9862C1FE63849D59925341,Yes,N/A,,,,,,Ulmus,41.796859999999995,-87.5763,,,,,,,,,,,,187256,,,,,Good,,,,,,Alive,,,,,,,molly
,,No,,,TK Inventory,ACRU,Red maple,,Fair,,,,,,,1,0-3in,,,,,,,,,Acer,0101000020110F0000CC073977369862C19D1D704156925341,Yes,N/A,,,,,,Acer rubrum,41.79676999999999,-87.576,,,,,,,,,,,,187255,,,,,Good,,,,,,Alive,,,,,,,molly
,,No,,,TK Inventory,PODE,Eastern cottonwood,,Fair,,,,,,,36,>30in,,,,,,,,,Populus,0101000020110F0000EDCF01B1739862C16AC2BE2255925341,Yes,N/A,,,,,,Populus deltoides,41.79673999999999,-87.5804,,,,,,,,,,,,187254,,,,,Good,,,,,,Alive,,,,,,,molly
,,No,,,TK Inventory,PINI,Austrian pine,,Fair,,,,,,,6,6-12in,,,,,,,,,Pinus,0101000020110F00005091AB4B529862C128017DA453925341,Yes,N/A,,,,,,Pinus nigra,41.79669999999998,-87.578,,,,,,,,,,,,187253,,,,,Good,,,,,,Alive,,,,,,,molly
,,No,,,TK Inventory,CR,Hawthorn,,Fair,,,,,,,6,6-12in,,,,,,,,,Crataegus,0101000020110F00003F2DC7AE339862C1B680C58C4C925341,Yes,N/A,,,,,,Crataegus,41.796509999999984,-87.5758,,,,,,,,,,,,187252,,,,,Good,,,,,,Alive,,,,,,,molly
,,No,,,TK Inventory,ACSA2,Sugar maple,,Fair,,,,,,,6,6-12in,,,,,,,,,Acer,0101000020110F000036DCC7BA4C9862C1B680C58C4C925341,Yes,N/A,,,,,,Acer saccharum,41.796509999999984,-87.5776,,,,,,,,,,,,187251,,,,,Good,,,,,,Alive,,,,,,,molly
,,No,,,TK Inventory,MO,Mulberry,,Fair,,,,,,,12,12-18in,,,,,,,,,Morus,0101000020110F00007CC9001F4E9862C1F8C1F3AE4A925341,Yes,N/A,,,,,,Morus,41.79645999999999,-87.5777,,,,,,,,,,,,187250,,,,,Good,,,,,,Alive,,,,,,,molly
,,No,,,TK Inventory,ACSA1,Silver maple,,Fair,,,,,,,24,24-30in,,,,,,,,,Acer,0101000020110F0000C097ACDD779862C1F8C1F3AE4A925341,Yes,N/A,,,,,,Acer saccharinum,41.79645999999999,-87.5807,,,,,,,,,,,,187249,,,,,Good,,,,,,Alive,,,,,,,molly
,,No,,,TK Inventory,CR,Hawthorn,,Fair,,,,,,,12,12-18in,,,,,,,,,Crataegus,0101000020110F00008E4C7261449862C18F6B634F4A925341,Yes,N/A,,,,,,Crataegus,41.79645,-87.577,,,,,,,,,,,,187248,,,,,Good,,,,,,Alive,,,,,,,molly
,,No,,,TK Inventory,MA2,Crabapple,,Fair,,,,,,,1,0-3in,,,,,,,,,Malus,0101000020110F0000945F570A7C9862C1A7C1429049925341,Yes,N/A,,,,,,Malus,41.796429999999994,-87.581,,,,,,,,,,,,187247,,,,,Good,,,,,,Alive,,,,,,,molly
,,No,,,TK Inventory,FRPE,Green ash,,Fair,,,,,,,12,12-18in,,,,,,,,,Fraxinus,0101000020110F0000C2B639834F9862C1A81B22D148925341,Yes,N/A,,,,,,Fraxinus pennsylvanica,41.796409999999995,-87.5778,,,,,,,,,,,,187246,,,,,Good,,,,,,Alive,,,,,,,molly
,,No,,,TK Inventory,AEHI,Horsechestnut,,Fair,,,,,,,6,6-12in,,,,,,,,,Aesculus,0101000020110F00000FB75790889862C1EF0A39AA85925341,Yes,N/A,,,,,,Aesculus hippocastanum,41.79804,-87.5819,,,,,,,,,,,,187245,,,,,Good,,,,,,Alive,,,,,,,molly
,,No,,,TK Inventory,ULS,Elm,,Fair,,,,,,,12,12-18in,,,,,,,,,Ulmus,0101000020110F0000DB4C906E7D9862C1824DF52B84925341,Yes,N/A,,,,,,Ulmus,41.797999999999995,-87.5811,,,,,,,,,,,,187244,,,,,Good,,,,,,Alive,,,,,,,molly
,,No,,,TK Inventory,AL,Alder,,Fair,,,,,,,6,6-12in,,,,,,,,,Alnus,0101000020110F0000C9C91E2C879862C13755BB1080925341,Yes,N/A,,,,,,Alnus,41.79788999999999,-87.5818,,,,,,,,,,,,187243,,,,,Good,,,,,,Alive,,,,,,,molly
,,No,,,TK Inventory,GYDI,Kentucky coffeetree,,Fair,,,,,,,3,3-6in,,,,,,,,,Gymnocladus,0101000020110F000033BD3A15759862C1CE83F96270925341,Yes,N/A,,,,,,Gymnocladus dioicus,41.797469999999976,-87.5805,,,,,,,,,,,,187242,,,,,Good,,,,,,Alive,,,,,,,molly
,,No,,,TK Inventory,CR,Hawthorn,,Fair,,,,,,,12,12-18in,,,,,,,,,Crataegus,0101000020110F000023595678569862C1B5384CFA40925341,Yes,N/A,,,,,,Crataegus,41.7962,-87.5783,,,,,,,,,,,,187241,,,,,Good,,,,,,Alive,,,,,,,molly
,,No,,,TK Inventory,CR,Hawthorn,,Fair,,,,,,,6,6-12in,,,,,,,,,Crataegus,0101000020110F0000DC6B1D14559862C198849BDB3F925341,Yes,N/A,,,,,,Crataegus,41.79616999999998,-87.5782,,,,,,,,,,,,187240,,,,,Good,,,,,,Alive,,,,,,,molly
,,No,,,TK Inventory,JUNI,Eastern black walnut,,Fair,,,,,,,12,12-18in,,,,,,,,,Juglans,0101000020110F0000C097ACDD779862C14BD9EABC3E925341,Yes,N/A,,,,,,Juglans nigra,41.79613999999999,-87.5807,,,,,,,,,,,,187239,,,,,Good,,,,,,Alive,,,,,,,molly
,,No,,,TK Inventory,MA2,Crabapple,,Fair,,,,,,,6,6-12in,,,,,,,,,Malus,0101000020110F000084FB726D5D9862C16BB0B8A13A925341,Yes,N/A,,,,,,Malus,41.79602999999999,-87.5788,,,,,,,,,,,,187238,,,,,Good,,,,,,Alive,,,,,,,molly
,,No,,,TK Inventory,GLTR,Honey locust,,Fair,,,,,,,24,24-30in,,,,,,,,,Gleditsia,0101000020110F0000C097ACDD779862C10B7D460835925341,Yes,N/A,,,,,,Gleditsia triacanthos,41.79587999999998,-87.5807,,,,,,,,,,,,187237,,,,,Good,,,,,,Alive,,,,,,,molly
,,No,,,TK Inventory,ACSA2,Sugar maple,,Fair,,,,,,,12,12-18in,,,,,,,,,Acer,0101000020110F000013F571DB379862C19D7FA54C31925341,Yes,N/A,,,,,,Acer saccharum,41.79577999999999,-87.5761,,,,,,,,,,,,187236,,,,,Good,,,,,,Alive,,,,,,,molly
,,No,,,TK Inventory,TIAM,American linden,,Fair,,,,,,,12,12-18in,,,,,,,,,Tilia,0101000020110F0000A1CFE3A33A9862C1F9C0C4122C925341,Yes,N/A,,,,,,Tilia americana,41.79564,-87.5763,,,,,,,,,,,,187235,,,,,Good,,,,,,Alive,,,,,,,molly
,,No,,,TK Inventory,ACSA2,Sugar maple,,Fair,,,,,,,24,24-30in,,,,,,,,,Acer,0101000020110F000059E2AA3F399862C1ADAD84942A925341,Yes,N/A,,,,,,Acer saccharum,41.79559999999999,-87.5762,,,,,,,,,,,,187234,,,,,Good,,,,,,Alive,,,,,,,molly
,,No,,,TK Inventory,CR,Hawthorn,,Fair,,,,,,,6,6-12in,,,,,,,,,Crataegus,0101000020110F0000475F39FD429862C11A0AF53B24925341,Yes,N/A,,,,,,Crataegus,41.79542999999999,-87.5769,,,,,,,,,,,,187233,,,,,Good,,,,,,Alive,,,,,,,molly
,,No,,,TK Inventory,ACSA2,Sugar maple,,Fair,,,,,,,12,12-18in,,,,,,,,,Acer,0101000020110F0000BA84C734409862C147E5A45A25925341,Yes,N/A,,,,,,Acer saccharum,41.79546,-87.5767,,,,,,,,,,,,187232,,,,,Good,,,,,,Alive,,,,,,,molly
,,No,,,TK Inventory,TIAM,American linden,,Fair,,,,,,,12,12-18in,,,,,,,,,Tilia,0101000020110F00007178012B679862C11A0AF53B24925341,Yes,N/A,,,,,,Tilia americana,41.79542999999999,-87.5795,,,,,,,,,,,,187231,,,,,Good,,,,,,Alive,,,,,,,molly
,,No,,,TK Inventory,CR,Hawthorn,,Fair,,,,,,,6,6-12in,,,,,,,,,Crataegus,0101000020110F0000FF5273F3699862C1571865DC23925341,Yes,N/A,,,,,,Crataegus,41.79541999999999,-87.5797,,,,,,,,,,,,187230,,,,,Good,,,,,,Alive,,,,,,,molly
,,No,,,TK Inventory,TIAM,American linden,,Good,,,,,,,6,6-12in,,,,,,,,,Tilia,0101000020110F0000DC6B1D14559862C161F535C11F925341,Yes,N/A,,,,,,Tilia americana,41.79531,-87.5782,,,,,,,,,,,,187229,,,,,Good,,,,,,Alive,,,,,,,molly
,,No,,,TK Inventory,GLTR,Honey locust,,Good,,,,,,,24,24-30in,,,,,,,,,Gleditsia,0101000020110F000082DCE5C7859862C1455F34147D925341,Yes,N/A,,,,,,Gleditsia triacanthos,41.79780999999998,-87.5817,,,,,,,,,,,,187227,,,,,Good,,,,,,Alive,,,,,,,molly
,,No,,,TK Inventory,CR,Hawthorn,,Good,,,,,,,6,6-12in,,,,,,,,,Crataegus,0101000020110F000084FB726D5D9862C1977C1A6751925341,Yes,N/A,,,,,,Crataegus,41.79663999999998,-87.5788,,,,,,,,,,,,187226,,,,,Good,,,,,,Alive,,,,,,,molly
,,No,,,TK Inventory,ACSA2,Sugar maple,,Good,,,,,,,3,3-6in,,,,,,,,,Acer,0101000020110F0000190857846F9862C18CADF9A750925341,Yes,N/A,,,,,,Acer saccharum,41.796619999999976,-87.5801,,,,,,,,,,,,187225,,,,,Good,,,,,,Alive,,,,,,,molly
,,No,,,TK Inventory,ACSA2,Sugar maple,,Good,,,,,,,6,6-12in,,,,,,,,,Acer,0101000020110F00008E4C7261449862C1530FA6611F925341,Yes,N/A,,,,,,Acer saccharum,41.795299999999976,-87.577,,,,,,,,,,,,187224,,,,,Good,,,,,,Alive,,,,,,,molly
,,No,,,TK Inventory,GIBI,Ginkgo,,Good,,,,,,,1,0-3in,,,,,,,,,Ginkgo,0101000020110F0000EEEE8E564B9862C1452A16021F925341,Yes,N/A,,,,,,Ginkgo biloba,41.795289999999994,-87.5775,,,,,,,,,,,,187223,,,,,Good,,,,,,Alive,,,,,,,molly
,,No,,,TK Inventory,,Unknown; Broadleaf Deciduous,,Good,,,,,,,12,12-18in,,,,,,,,,,0101000020110F000074978ED03E9862C11063F6421E925341,No,N/A,,,,,,,41.79526999999998,-87.5766,,,,,,,,,,,,187222,,,,,Good,,,,,,Alive,,,,,,,molly
,,No,,,TK Inventory,ACRU,Red maple,,Good,,,,,,,12,12-18in,,,,,,,,,Acer,0101000020110F0000DC6B1D14559862C1F08066E31D925341,Yes,N/A,,,,,,Acer rubrum,41.79526,-87.5782,,,,,,,,,,,,187221,,,,,Good,,,,,,Alive,,,,,,,molly
,,No,,,TK Inventory,ACSA2,Sugar maple,,Good,,,,,,,12,12-18in,,,,,,,,,Acer,0101000020110F00002DAA556C3D9862C1A81B22D148925341,Yes,N/A,,,,,,Acer saccharum,41.796409999999995,-87.5765,,,,,,,,,,,,187220,,,,,Good,,,,,,Alive,,,,,,,molly
,,No,,,TK Inventory,ACFR,Freeman maple,,Good,,,,,,,12,12-18in,,,,,,,,,Acer,0101000020110F00006C651C822F9862C19279011248925341,Yes,N/A,,,,,,Acer x freemanii,41.796389999999995,-87.5755,,,,,,,,,,,,187219,,,,,Good,,,,,,Alive,,,,,,,molly
,,No,,,TK Inventory,TICO,Littleleaf linden,,Fair,,,,,,,36,>30in,,,,,,,,,Tilia,0101000020110F0000A6E2C84C729862C11A0AF53B24925341,Yes,N/A,,,,,,Tilia cordata,41.79542999999999,-87.5803,,,,,,,,,,,,187218,,,,,Good,,,,,,Alive,,,,,,,molly
,,No,,,TK Inventory,AM,Serviceberry,,Good,,,,,,,3,3-6in,,,,,,,,,Amelanchier,0101000020110F0000B133C840599862C1530FA6611F925341,Yes,N/A,,,,,,Amelanchier,41.795299999999976,-87.5785,,,,,,,,,,,,187217,,,,,Good,,,,,,Alive,,,,,,,molly
,,No,,,TK Inventory,ACRU,Red maple,,Good,,,,,,,1,0-3in,,,,,,,,,Acer,0101000020110F000001720099419862C1530FA6611F925341,Yes,N/A,,,,,,Acer rubrum,41.795299999999976,-87.5768,,,,,,,,,,,,187216,,,,,Good,,,,,,Alive,,,,,,,molly
,,No,,,TK Inventory,ULS,Elm,,Good,,,,,,,12,12-18in,,,,,,,,,Ulmus,0101000020110F0000DC6B1D14559862C11063F6421E925341,Yes,N/A,,,,,,Ulmus,41.79526999999998,-87.5782,,,,,,,,,,,,187215,,,,,Good,,,,,,Alive,,,,,,,molly
,,No,,,TK Inventory,AM,Serviceberry,,Good,,,,,,,3,3-6in,,,,,,,,,Amelanchier,0101000020110F000023595678569862C11063F6421E925341,Yes,N/A,,,,,,Amelanchier,41.79526999999998,-87.5783,,,,,,,,,,,,187214,,,,,Good,,,,,,Alive,,,,,,,molly
,,No,,,TK Inventory,ACFR,Freeman maple,,Good,,,,,,,1,0-3in,,,,,,,,,Acer,0101000020110F00008C2DE5BB6C9862C110732AB17F925341,Yes,N/A,,,,,,Acer x freemanii,41.797880000000006,-87.5799,,,,,,,,,,,,187213,,,,,Good,,,,,,Alive,,,,,,,molly
,,No,,,TK Inventory,GLTR,Honey locust,,Good,,,,,,,36,>30in,,,,,,,,,Gleditsia,0101000020110F000082DCE5C7859862C1ABB108F27E925341,Yes,N/A,,,,,,Gleditsia triacanthos,41.79786,-87.5817,,,,,,,,,,,,187212,,,,,Good,,,,,,Alive,,,,,,,molly
,,No,,,TK Inventory,GYDI,Kentucky coffeetree,,Good,,,,,,,1,0-3in,,,,,,,,,Gymnocladus,0101000020110F0000DB4C906E7D9862C16ED277927E925341,Yes,N/A,,,,,,Gymnocladus dioicus,41.79784999999999,-87.5811,,,,,,,,,,,,187211,,,,,Good,,,,,,Alive,,,,,,,molly
,,No,,,TK Inventory,GYDI,Kentucky coffeetree,,Good,,,,,,,6,6-12in,,,,,,,,,Gymnocladus,0101000020110F00004E721EA67A9862C1E51656D37D925341,Yes,N/A,,,,,,Gymnocladus dioicus,41.79782999999998,-87.5809,,,,,,,,,,,,187210,,,,,Good,,,,,,Alive,,,,,,,molly
,,No,,,TK Inventory,CR,Hawthorn,,Dead,,,,,,,6,6-12in,,,,,,,,,Crataegus,0101000020110F00003D0E3A095C9862C18CADF9A750925341,Yes,N/A,,,,,,Crataegus,41.796619999999976,-87.5787,,,,,,,,,,,,187209,,,,,Good,,,,,,Alive,,,,,,,molly
,,No,,,TK Inventory,ULAM,American elm,,Dead,,,,,,,12,12-18in,,,,,,,,,Ulmus,0101000020110F0000475F39FD429862C1371BB8294F925341,Yes,N/A,,,,,,Ulmus americana,41.796580000000006,-87.5769,,,,,,,,,,,,187208,,,,,Good,,,,,,Alive,,,,,,,molly
,,No,,,TK Inventory,CR,Hawthorn,,Dead,,,,,,,1,0-3in,,,,,,,,,Crataegus,0101000020110F0000FF5273F3699862C1F8C1F3AE4A925341,Yes,N/A,,,,,,Crataegus,41.79645999999999,-87.5797,,,,,,,,,,,,187207,,,,,Good,,,,,,Alive,,,,,,,molly
,,No,,,TK Inventory,ACRU,Red maple,,Poor,,,,,,,1,0-3in,,,,,,,,,Acer,0101000020110F0000A1CFE3A33A9862C164265CE552925341,Yes,N/A,,,,,,Acer rubrum,41.79667999999999,-87.5763,,,,,,,,,,,,187206,,,,,Good,,,,,,Alive,,,,,,,molly
,,No,,,TK Inventory,ACRU,Red maple,,Poor,,,,,,,1,0-3in,,,,,,,,,Acer,0101000020110F0000E7BC1C083C9862C196E5AAC651925341,Yes,N/A,,,,,,Acer rubrum,41.79665,-87.5764,,,,,,,,,,,,187205,,,,,Good,,,,,,Alive,,,,,,,molly
,,No,,,TK Inventory,ACSA2,Sugar maple,,Poor,,,,,,,12,12-18in,,,,,,,,,Acer,0101000020110F00003F2DC7AE339862C1B076DC5941925341,Yes,N/A,,,,,,Acer saccharum,41.79620999999999,-87.5758,,,,,,,,,,,,187204,,,,,Good,,,,,,Alive,,,,,,,molly
,,No,,,TK Inventory,ACSA2,Sugar maple,,Poor,,,,,,,12,12-18in,,,,,,,,,Acer,0101000020110F0000F93F8E4A329862C165C1556B32925341,Yes,N/A,,,,,,Acer saccharum,41.79581000000002,-87.5757,,,,,,,,,,,,187203,,,,,Good,,,,,,Alive,,,,,,,molly
,,No,,,TK Inventory,ACSA2,Sugar maple,,Good,,,,,,,6,6-12in,,,,,,,,,Acer,0101000020110F00003D0E3A095C9862C1286E95FE21925341,Yes,N/A,,,,,,Acer saccharum,41.79537,-87.5787,,,,,,,,,,,,187202,,,,,Good,,,,,,Alive,,,,,,,molly
,,No,,,TK Inventory,ULS,Elm,,Poor,,,,,,,1,0-3in,,,,,,,,,Ulmus,0101000020110F0000A80156F2499862C1B680C58C4C925341,Yes,N/A,,,,,,Ulmus,41.796509999999984,-87.5774,,,,,,,,,,,,187201,,,,,Good,,,,,,Alive,,,,,,,molly
,,No,,,TK Inventory,CR,Hawthorn,,Poor,,,,,,,6,6-12in,,,,,,,,,Crataegus,0101000020110F000036DCC7BA4C9862C16B25352D4C925341,Yes,N/A,,,,,,Crataegus,41.796499999999995,-87.5776,,,,,,,,,,,,187200,,,,,Good,,,,,,Alive,,,,,,,molly
,,No,,,TK Inventory,MO,Mulberry,,Poor,,,,,,,36,>30in,,,,,,,,,Morus,0101000020110F0000B133C840599862C1BD71146E4B925341,Yes,N/A,,,,,,Morus,41.79647999999999,-87.5785,,,,,,,,,,,,187199,,,,,Good,,,,,,Alive,,,,,,,molly
,,No,,,TK Inventory,MOAL,White mulberry,,Poor,,,,,,,24,24-30in,,,,,,,,,Morus,0101000020110F0000B9653A8F689862C17CAAC50B32925341,Yes,N/A,,,,,,Morus alba,41.7958,-87.5796,,,,,,,,,,,,187198,,,,,Good,,,,,,Alive,,,,,,,molly
,,No,,,TK Inventory,ACSA2,Sugar maple,,Poor,,,,,,,6,6-12in,,,,,,,,,Acer,0101000020110F0000C2B639834F9862C166C4558020925341,Yes,N/A,,,,,,Acer saccharum,41.79533,-87.5778,,,,,,,,,,,,187197,,,,,Good,,,,,,Alive,,,,,,,molly
,,No,,,TK Inventory,ACSA2,Sugar maple,,Good,,,,,,,12,12-18in,,,,,,,,,Acer,0101000020110F00003F2DC7AE339862C19002AA3E3D925341,Yes,N/A,,,,,,Acer saccharum,41.79609999999998,-87.5758,,,,,,,,,,,,187196,,,,,Good,,,,,,Alive,,,,,,,molly
,,No,,,TK Inventory,CR,Hawthorn,,Good,,,,,,,3,3-6in,,,,,,,,,Crataegus,0101000020110F0000D21A1E206E9862C1085B255E22925341,Yes,N/A,,,,,,Crataegus,41.79537999999999,-87.58,,,,,,,,,,,,187195,,,,,Good,,,,,,Alive,,,,,,,molly
,,No,,,TK Inventory,ULS,Elm,,Poor,,,,,,,1,0-3in,,,,,,,,,Ulmus,0101000020110F00007CC9001F4E9862C1B680C58C4C925341,Yes,N/A,,,,,,Ulmus,41.796509999999984,-87.5777,,,,,,,,,,,,187194,,,,,Good,,,,,,Alive,,,,,,,molly
,,No,,,TK Inventory,MA2,Crabapple,,Poor,,,,,,,3,3-6in,,,,,,,,,Malus,0101000020110F0000F93F8E4A329862C18B25D56E2F925341,Yes,N/A,,,,,,Malus,41.79573,-87.5757,,,,,,,,,,,,187193,,,,,Good,,,,,,Alive,,,,,,,molly
,,No,,,TK Inventory,ACSA2,Sugar maple,,Good,,,,,,,6,6-12in,,,,,,,,,Acer,0101000020110F0000DC6B1D14559862C110AE245728925341,Yes,N/A,,,,,,Acer saccharum,41.79554000000001,-87.5782,,,,,,,,,,,,187192,,,,,Good,,,,,,Alive,,,,,,,molly
,,No,,,TK Inventory,ACSA2,Sugar maple,,Good,,,,,,,12,12-18in,,,,,,,,,Acer,0101000020110F0000BA84C734409862C18AB194F727925341,Yes,N/A,,,,,,Acer saccharum,41.79553000000001,-87.5767,,,,,,,,,,,,187191,,,,,Good,,,,,,Alive,,,,,,,molly
,,No,,,TK Inventory,ACSA2,Sugar maple,,Good,,,,,,,6,6-12in,,,,,,,,,Acer,0101000020110F0000A80156F2499862C18AB194F727925341,Yes,N/A,,,,,,Acer saccharum,41.79553000000001,-87.5774,,,,,,,,,,,,187190,,,,,Good,,,,,,Alive,,,,,,,molly
,,No,,,TK Inventory,ACSA2,Sugar maple,,Good,,,,,,,6,6-12in,,,,,,,,,Acer,0101000020110F000061141D8E489862C1FDB5049827925341,Yes,N/A,,,,,,Acer saccharum,41.79551999999998,-87.5773,,,,,,,,,,,,187189,,,,,Good,,,,,,Alive,,,,,,,molly
,,No,,,TK Inventory,ACSA2,Sugar maple,,Good,,,,,,,6,6-12in,,,,,,,,,Acer,0101000020110F000023595678569862C13CC9547926925341,Yes,N/A,,,,,,Acer saccharum,41.795489999999994,-87.5783,,,,,,,,,,,,187188,,,,,Good,,,,,,Alive,,,,,,,molly
,,No,,,TK Inventory,ACSA2,Sugar maple,,Good,,,,,,,12,12-18in,,,,,,,,,Acer,0101000020110F0000EEEE8E564B9862C13CC9547926925341,Yes,N/A,,,,,,Acer saccharum,41.795489999999994,-87.5775,,,,,,,,,,,,187187,,,,,Good,,,,,,Alive,,,,,,,molly
,,No,,,TK Inventory,ACRU,Red maple,,Good,,,,,,,12,12-18in,,,,,,,,,Acer,0101000020110F00006A468FDC579862C199D1C41926925341,Yes,N/A,,,,,,Acer rubrum,41.795479999999976,-87.5784,,,,,,,,,,,,187186,,,,,Good,,,,,,Alive,,,,,,,molly
,,No,,,TK Inventory,GLTR,Honey locust,,Good,,,,,,,24,24-30in,,,,,,,,,Gleditsia,0101000020110F00007AAA7379769862C110AE245728925341,Yes,N/A,,,,,,Gleditsia triacanthos,41.79554000000001,-87.5806,,,,,,,,,,,,187185,,,,,Good,,,,,,Alive,,,,,,,molly
,,No,,,TK Inventory,ACGI,Amur Maple,,Good,,,,,,,3,3-6in,,,,,,,,,Acer,0101000020110F000061141D8E489862C14893EC4453925341,Yes,N/A,,,,,,Acer ginnala,41.79668999999998,-87.5773,,,,,,,,,,,,187184,,,,,Good,,,,,,Alive,,,,,,,molly
,,No,,,TK Inventory,AEHI,Horsechestnut,,Good,,,,,,,36,>30in,,,,,,,,,Aesculus,0101000020110F000060F58FE8709862C1085B255E22925341,Yes,N/A,,,,,,Aesculus hippocastanum,41.79537999999999,-87.5802,,,,,,,,,,,,187183,,,,,Good,,,,,,Alive,,,,,,,molly
,,No,,,TK Inventory,GLTR,Honey locust,,Good,,,,,,,36,>30in,,,,,,,,,Gleditsia,0101000020110F0000B9653A8F689862C1286E95FE21925341,Yes,N/A,,,,,,Gleditsia triacanthos,41.79537,-87.5796,,,,,,,,,,,,187182,,,,,Good,,,,,,Alive,,,,,,,molly
,,No,,,TK Inventory,ACSA2,Sugar maple,,Good,,,,,,,3,3-6in,,,,,,,,,Acer,0101000020110F000036DCC7BA4C9862C13E82059F21925341,Yes,N/A,,,,,,Acer saccharum,41.79535999999999,-87.5776,,,,,,,,,,,,187181,,,,,Good,,,,,,Alive,,,,,,,molly
,,No,,,TK Inventory,ULS,Elm,,Poor,,,,,,,12,12-18in,,,,,,,,,Ulmus,0101000020110F0000DC6B1D14559862C15C6D77461B925341,Yes,N/A,,,,,,Ulmus,41.795190000000005,-87.5782,,,,,,,,,,,,187180,,,,,Good,,,,,,Alive,,,,,,,molly
,,No,,,TK Inventory,CECA,Eastern redbud,,Good,,,,,,,6,6-12in,,,,,,,,,Cercis,0101000020110F00006A468FDC579862C12812D98A17925341,Yes,N/A,,,,,,Cercis canadensis,41.795089999999995,-87.5784,,,,,,,,,,,,187179,,,,,Good,,,,,,Alive,,,,,,,molly
,,No,,,TK Inventory,CR,Hawthorn,,Fair,,,,,,,3,3-6in,,,,,,,,,Crataegus,0101000020110F00007178012B679862C18A27D57C23925341,Yes,N/A,,,,,,Crataegus,41.79540999999998,-87.5795,,,,,,,,,,,,187178,,,,,Good,,,,,,Alive,,,,,,,molly
,,No,,,TK Inventory,ACRU,Red maple,,Fair,,,,,,,12,12-18in,,,,,,,,,Acer,0101000020110F0000DC6B1D14559862C1085B255E22925341,Yes,N/A,,,,,,Acer rubrum,41.79537999999999,-87.5782,,,,,,,,,,,,187177,,,,,Good,,,,,,Alive,,,,,,,molly
,,No,,,TK Inventory,CR,Hawthorn,,Good,,,,,,,12,12-18in,,,,,,,,,Crataegus,0101000020110F000068270237809862C19F7452A76C925341,Yes,N/A,,,,,,Crataegus,41.79737,-87.5813,,,,,,,,,,,,187176,,,,,Good,,,,,,Alive,,,,,,,molly
,,No,,,TK Inventory,PODE,Eastern cottonwood,,Good,,,,,,,36,>30in,,,,,,,,,Populus,0101000020110F000068270237809862C1E71631E86B925341,Yes,N/A,,,,,,Populus deltoides,41.79735,-87.5813,,,,,,,,,,,,187175,,,,,Good,,,,,,Alive,,,,,,,molly
,,No,,,TK Inventory,MA2,Crabapple,,Poor,,,,,,,3,3-6in,,,,,,,,,Malus,0101000020110F000011D6E435609862C12A7A325263925341,Yes,N/A,,,,,,Malus,41.79712,-87.579,,,,,,,,,,,,187174,,,,,Good,,,,,,Alive,,,,,,,molly
,,No,,,TK Inventory,MA2,Crabapple,,Good,,,,,,,6,6-12in,,,,,,,,,Malus,0101000020110F000033BD3A15759862C13A73089A5C925341,Yes,N/A,,,,,,Malus,41.79694,-87.5805,,,,,,,,,,,,187173,,,,,Good,,,,,,Alive,,,,,,,molly
,,No,,,TK Inventory,CR,Hawthorn,,Poor,,,,,,,3,3-6in,,,,,,,,,Crataegus,0101000020110F00008C2DE5BB6C9862C163DCC52020925341,Yes,N/A,,,,,,Crataegus,41.795319999999975,-87.5799,,,,,,,,,,,,187172,,,,,Good,,,,,,Alive,,,,,,,molly
,,No,,,TK Inventory,ACSA2,Sugar maple,,Good,,,,,,,12,12-18in,,,,,,,,,Acer,0101000020110F00003D0E3A095C9862C12812D98A17925341,Yes,N/A,,,,,,Acer saccharum,41.795089999999995,-87.5787,,,,,,,,,,,,187171,,,,,Good,,,,,,Alive,,,,,,,molly
,,No,,,TK Inventory,GLTR,Honey locust,,Dead,,,,,,,1,0-3in,,,,,,,,,Gleditsia,0101000020110F000060F58FE8709862C10E09BAB85D925341,Yes,N/A,,,,,,Gleditsia triacanthos,41.796969999999995,-87.5802,,,,,,,,,,,,187170,,,,,Good,,,,,,Alive,,,,,,,molly
,,No,,,TK Inventory,PINI,Austrian pine,,Dead,,,,,,,12,12-18in,,,,,,,,,Pinus,0101000020110F00005091AB4B529862C101700D0454925341,Yes,N/A,,,,,,Pinus nigra,41.79670999999998,-87.578,,,,,,,,,,,,187169,,,,,Good,,,,,,Alive,,,,,,,molly
,,No,,,TK Inventory,PINI,Austrian pine,,Dead,,,,,,,12,12-18in,,,,,,,,,Pinus,0101000020110F00005091AB4B529862C128017DA453925341,Yes,N/A,,,,,,Pinus nigra,41.79669999999998,-87.578,,,,,,,,,,,,187168,,,,,Good,,,,,,Alive,,,,,,,molly
,,No,,,TK Inventory,PINI,Austrian pine,,Dead,,,,,,,12,12-18in,,,,,,,,,Pinus,0101000020110F0000967EE4AF539862C14893EC4453925341,Yes,N/A,,,,,,Pinus nigra,41.79668999999998,-87.5781,,,,,,,,,,,,187167,,,,,Good,,,,,,Alive,,,,,,,molly
,,No,,,TK Inventory,PINI,Austrian pine,,Dead,,,,,,,12,12-18in,,,,,,,,,Pinus,0101000020110F0000967EE4AF539862C1894F3B2652925341,Yes,N/A,,,,,,Pinus nigra,41.79665999999999,-87.5781,,,,,,,,,,,,187166,,,,,Good,,,,,,Alive,,,,,,,molly
,,No,,,TK Inventory,PINI,Austrian pine,,Dead,,,,,,,12,12-18in,,,,,,,,,Pinus,0101000020110F000009A472E7509862C18CADF9A750925341,Yes,N/A,,,,,,Pinus nigra,41.796619999999976,-87.5779,,,,,,,,,,,,187165,,,,,Good,,,,,,Alive,,,,,,,molly
,,No,,,TK Inventory,TICO,Littleleaf linden,,Good,,,,,,,12,12-18in,,,,,,,,,Tilia,0101000020110F000084FB726D5D9862C1C69FD6831D925341,Yes,N/A,,,,,,Tilia cordata,41.79524999999999,-87.5788,,,,,,,,,,,,187164,,,,,Good,,,,,,Alive,,,,,,,molly
,,No,,,TK Inventory,PINI,Austrian pine,,Dead,,,,,,,12,12-18in,,,,,,,,,Pinus,0101000020110F00006C651C822F9862C1B0FBBB9A40925341,Yes,N/A,,,,,,Pinus nigra,41.79618999999998,-87.5755,,,,,,,,,,,,187163,,,,,Good,,,,,,Alive,,,,,,,molly
,,No,,,TK Inventory,PYCA,Callery pear,,Dead,,,,,,,1,0-3in,,,,,,,,,Pyrus,0101000020110F0000F93F8E4A329862C129A25A5D3E925341,Yes,N/A,,,,,,Pyrus calleryana,41.79613000000001,-87.5757,,,,,,,,,,,,187162,,,,,Good,,,,,,Alive,,,,,,,molly
,,No,,,TK Inventory,CR,Hawthorn,,Dead,,,,,,,6,6-12in,,,,,,,,,Crataegus,0101000020110F0000B9653A8F689862C18AB194F727925341,Yes,N/A,,,,,,Crataegus,41.79553000000001,-87.5796,,,,,,,,,,,,187161,,,,,Good,,,,,,Alive,,,,,,,molly
,,No,,,TK Inventory,MA2,Crabapple,,Dead,,,,,,,3,3-6in,,,,,,,,,Malus,0101000020110F0000C2B639834F9862C16FBB743827925341,Yes,N/A,,,,,,Malus,41.79550999999999,-87.5778,,,,,,,,,,,,187160,,,,,Good,,,,,,Alive,,,,,,,molly
,,No,,,TK Inventory,,Unknown; Broadleaf Deciduous,,Dead,,,,,,,12,12-18in,,,,,,,,,,0101000020110F000013F571DB379862C1BB37451D23925341,No,N/A,,,,,,,41.79539999999999,-87.5761,,,,,,,,,,,,187159,,,,,Good,,,,,,Alive,,,,,,,molly
,,No,,,TK Inventory,OSVI,American hophornbeam,,Dead,,,,,,,6,6-12in,,,,,,,,,Ostrya,0101000020110F00005091AB4B529862C13E82059F21925341,Yes,N/A,,,,,,Ostrya virginiana,41.79535999999999,-87.578,,,,,,,,,,,,187158,,,,,Good,,,,,,Alive,,,,,,,molly
,,No,,,TK Inventory,ACRU,Red maple,,Dead,,,,,,,12,12-18in,,,,,,,,,Acer,0101000020110F0000967EE4AF539862C15397753F21925341,Yes,N/A,,,,,,Acer rubrum,41.79535,-87.5781,,,,,,,,,,,,187157,,,,,Good,,,,,,Alive,,,,,,,molly
,,No,,,TK Inventory,CR,Hawthorn,,Poor,,,,,,,3,3-6in,,,,,,,,,Crataegus,0101000020110F00008C2DE5BB6C9862C1DAD174FC75925341,Yes,N/A,,,,,,Crataegus,41.79762,-87.5799,,,,,,,,,,,,187156,,,,,Good,,,,,,Alive,,,,,,,molly
,,No,,,TK Inventory,TIAM,American linden,,Good,,,,,,,1,0-3in,,,,,,,,,Tilia,0101000020110F0000E59D8F62649862C1FFEF25856E925341,Yes,N/A,,,,,,Tilia americana,41.79741999999999,-87.5793,,,,,,,,,,,,187155,,,,,Good,,,,,,Alive,,,,,,,molly
,,No,,,TK Inventory,ACSA2,Sugar maple,,Good,,,,,,,12,12-18in,,,,,,,,,Acer,0101000020110F00009EB056FE629862C1FFEF25856E925341,Yes,N/A,,,,,,Acer saccharum,41.79741999999999,-87.5792,,,,,,,,,,,,187154,,,,,Good,,,,,,Alive,,,,,,,molly
,,No,,,TK Inventory,MA2,Crabapple,,Poor,,,,,,,3,3-6in,,,,,,,,,Malus,0101000020110F00008E4C7261449862C122CA917148925341,Yes,N/A,,,,,,Malus,41.796400000000006,-87.577,,,,,,,,,,,,187153,,,,,Good,,,,,,Alive,,,,,,,molly
,,No,,,TK Inventory,GLTR,Honey locust,,Poor,,,,,,,12,12-18in,,,,,,,,,Gleditsia,0101000020110F000074978ED03E9862C1002A71B247925341,Yes,N/A,,,,,,Gleditsia triacanthos,41.79638,-87.5766,,,,,,,,,,,,187152,,,,,Good,,,,,,Alive,,,,,,,molly
,,No,,,TK Inventory,PRSE1,Black cherry,,Poor,,,,,,,6,6-12in,,,,,,,,,Prunus,0101000020110F00004E721EA67A9862C16A781DD842925341,Yes,N/A,,,,,,Prunus serotina,41.79624999999999,-87.5809,,,,,,,,,,,,187151,,,,,Good,,,,,,Alive,,,,,,,molly
,,No,,,TK Inventory,TIAM,American linden,,Good,,,,,,,12,12-18in,,,,,,,,,Tilia,0101000020110F000033BD3A15759862C149BBAD3743925341,Yes,N/A,,,,,,Tilia americana,41.79625999999998,-87.5805,,,,,,,,,,,,187150,,,,,Good,,,,,,Alive,,,,,,,molly
,,No,,,TK Inventory,ULS,Elm,,Good,,,,,,,3,3-6in,,,,,,,,,Ulmus,0101000020110F0000D21A1E206E9862C16AC2BE2255925341,Yes,N/A,,,,,,Ulmus,41.79673999999999,-87.58,,,,,,,,,,,,187149,,,,,Good,,,,,,Alive,,,,,,,molly
,,No,,,TK Inventory,GYDI,Kentucky coffeetree,,Poor,,,,,,,1,0-3in,,,,,,,,,Gymnocladus,0101000020110F000061141D8E489862C1C1AA9FD445925341,Yes,N/A,,,,,,Gymnocladus dioicus,41.796329999999976,-87.5773,,,,,,,,,,,,187148,,,,,Good,,,,,,Alive,,,,,,,molly
,,No,,,TK Inventory,ACSA1,Silver maple,,Good,,,,,,,3,3-6in,,,,,,,,,Acer,0101000020110F000060F58FE8709862C16AC2BE2255925341,Yes,N/A,,,,,,Acer saccharinum,41.79673999999999,-87.5802,,,,,,,,,,,,187147,,,,,Good,,,,,,Alive,,,,,,,molly
,,No,,,TK Inventory,ULPU,Siberian elm,,Good,,,,,,,12,12-18in,,,,,,,,,Ulmus,0101000020110F0000CBE8ABD15E9862C1A1502EC354925341,Yes,N/A,,,,,,Ulmus pumila,41.796729999999975,-87.5789,,,,,,,,,,,,187146,,,,,Good,,,,,,Alive,,,,,,,molly
,,No,,,TK Inventory,ACSA2,Sugar maple,,Good,,,,,,,3,3-6in,,,,,,,,,Acer,0101000020110F000060F58FE8709862C1A1502EC354925341,Yes,N/A,,,,,,Acer saccharum,41.796729999999975,-87.5802,,,,,,,,,,,,187145,,,,,Good,,,,,,Alive,,,,,,,molly
,,No,,,TK Inventory,ACSA2,Sugar maple,,Good,,,,,,,12,12-18in,,,,,,,,,Acer,0101000020110F000084FB726D5D9862C1D5DF9D6354925341,Yes,N/A,,,,,,Acer saccharum,41.79671999999999,-87.5788,,,,,,,,,,,,187144,,,,,Good,,,,,,Alive,,,,,,,molly
,,No,,,TK Inventory,ULS,Elm,,Good,,,,,,,1,0-3in,,,,,,,,,Ulmus,0101000020110F000036DCC7BA4C9862C101700D0454925341,Yes,N/A,,,,,,Ulmus,41.79670999999998,-87.5776,,,,,,,,,,,,187143,,,,,Good,,,,,,Alive,,,,,,,molly
,,No,,,TK Inventory,ACGI,Amur Maple,,Good,,,,,,,12,12-18in,,,,,,,,,Acer,0101000020110F0000EEEE8E564B9862C128017DA453925341,Yes,N/A,,,,,,Acer ginnala,41.79669999999998,-87.5775,,,,,,,,,,,,187142,,,,,Good,,,,,,Alive,,,,,,,molly
,,No,,,TK Inventory,ACSA2,Sugar maple,,Fair,,,,,,,12,12-18in,,,,,,,,,Acer,0101000020110F00003D0E3A095C9862C101700D0454925341,Yes,N/A,,,,,,Acer saccharum,41.79670999999998,-87.5787,,,,,,,,,,,,187141,,,,,Good,,,,,,Alive,,,,,,,molly
,,No,,,TK Inventory,GLTR,Honey locust,,Good,,,,,,,24,24-30in,,,,,,,,,Gleditsia,0101000020110F0000C097ACDD779862C1371BB8294F925341,Yes,N/A,,,,,,Gleditsia triacanthos,41.796580000000006,-87.5807,,,,,,,,,,,,187140,,,,,Good,,,,,,Alive,,,,,,,molly
,,No,,,TK Inventory,CR,Hawthorn,,Fair,,,,,,,6,6-12in,,,,,,,,,Crataegus,0101000020110F00003D0E3A095C9862C196148A0751925341,Yes,N/A,,,,,,Crataegus,41.79662999999999,-87.5787,,,,,,,,,,,,187139,,,,,Good,,,,,,Alive,,,,,,,molly
,,No,,,TK Inventory,CR,Hawthorn,,Fair,,,,,,,6,6-12in,,,,,,,,,Crataegus,0101000020110F000058C31D9A619862C18CADF9A750925341,Yes,N/A,,,,,,Crataegus,41.796619999999976,-87.5791,,,,,,,,,,,,187138,,,,,Good,,,,,,Alive,,,,,,,molly
,,No,,,TK Inventory,CACA,American hornbeam,,Good,,,,,,,3,3-6in,,,,,,,,,Carpinus,0101000020110F000033BD3A15759862C1B680C58C4C925341,Yes,N/A,,,,,,Carpinus caroliniana,41.796509999999984,-87.5805,,,,,,,,,,,,187137,,,,,Good,,,,,,Alive,,,,,,,molly
,,No,,,TK Inventory,CACA,American hornbeam,,Good,,,,,,,3,3-6in,,,,,,,,,Carpinus,0101000020110F0000EDCF01B1739862C118CBA4CD4B925341,Yes,N/A,,,,,,Carpinus caroliniana,41.79649,-87.5804,,,,,,,,,,,,187136,,,,,Good,,,,,,Alive,,,,,,,molly
,,No,,,TK Inventory,MA2,Crabapple,,Good,,,,,,,6,6-12in,,,,,,,,,Malus,0101000020110F000036DCC7BA4C9862C1BD71146E4B925341,Yes,N/A,,,,,,Malus,41.79647999999999,-87.5776,,,,,,,,,,,,187135,,,,,Good,,,,,,Alive,,,,,,,molly
,,No,,,TK Inventory,ACSA2,Sugar maple,,Good,,,,,,,12,12-18in,,,,,,,,,Acer,0101000020110F00003D0E3A095C9862C1BD71146E4B925341,Yes,N/A,,,,,,Acer saccharum,41.79647999999999,-87.5787,,,,,,,,,,,,187134,,,,,Good,,,,,,Alive,,,,,,,molly
,,No,,,TK Inventory,GLTR,Honey locust,,Good,,,,,,,1,0-3in,,,,,,,,,Gleditsia,0101000020110F0000E59D8F62649862C1B16D3C4B69925341,Yes,N/A,,,,,,Gleditsia triacanthos,41.79728,-87.5793,,,,,,,,,,,,187133,,,,,Good,,,,,,Alive,,,,,,,molly
,,No,,,TK Inventory,CEOC,Common hackberry,,Good,,,,,,,36,>30in,,,,,,,,,Celtis,0101000020110F00005091AB4B529862C16019840E4B925341,Yes,N/A,,,,,,Celtis occidentalis,41.79647,-87.578,,,,,,,,,,,,187132,,,,,Good,,,,,,Alive,,,,,,,molly
,,No,,,TK Inventory,,Unknown; Broadleaf Deciduous,,Good,,,,,,,3,3-6in,,,,,,,,,,0101000020110F0000A6E2C84C729862C16019840E4B925341,No,N/A,,,,,,,41.79647,-87.5803,,,,,,,,,,,,187131,,,,,Good,,,,,,Alive,,,,,,,molly
,,No,,,TK Inventory,ACSA2,Sugar maple,,Good,,,,,,,12,12-18in,,,,,,,,,Acer,0101000020110F000061141D8E489862C16019840E4B925341,Yes,N/A,,,,,,Acer saccharum,41.79647,-87.5773,,,,,,,,,,,,187130,,,,,Good,,,,,,Alive,,,,,,,molly
,,No,,,TK Inventory,ACSA2,Sugar maple,,Good,,,,,,,6,6-12in,,,,,,,,,Acer,0101000020110F00001B27E429479862C16019840E4B925341,Yes,N/A,,,,,,Acer saccharum,41.79647,-87.5772,,,,,,,,,,,,187129,,,,,Good,,,,,,Alive,,,,,,,molly
,,No,,,TK Inventory,CACA,American hornbeam,,Good,,,,,,,3,3-6in,,,,,,,,,Carpinus,0101000020110F00007AAA7379769862C1F8C1F3AE4A925341,Yes,N/A,,,,,,Carpinus caroliniana,41.79645999999999,-87.5806,,,,,,,,,,,,187128,,,,,Good,,,,,,Alive,,,,,,,molly
,,No,,,TK Inventory,CR,Hawthorn,,Good,,,,,,,6,6-12in,,,,,,,,,Crataegus,0101000020110F00002DAA556C3D9862C1662017E636925341,Yes,N/A,,,,,,Crataegus,41.79592999999997,-87.5765,,,,,,,,,,,,187127,,,,,Good,,,,,,Alive,,,,,,,molly
,,No,,,TK Inventory,GIBI,Ginkgo,,Good,,,,,,,12,12-18in,,,,,,,,,Ginkgo,0101000020110F00007AAA7379769862C1F00B068A33925341,Yes,N/A,,,,,,Ginkgo biloba,41.79583999999997,-87.5806,,,,,,,,,,,,187126,,,,,Good,,,,,,Alive,,,,,,,molly
,,No,,,TK Inventory,CR,Hawthorn,,Fair,,,,,,,3,3-6in,,,,,,,,,Crataegus,0101000020110F00004640AC576B9862C1F00B068A33925341,Yes,N/A,,,,,,Crataegus,41.79583999999997,-87.5798,,,,,,,,,,,,187125,,,,,Good,,,,,,Alive,,,,,,,molly
,,No,,,TK Inventory,CR,Hawthorn,,Poor,,,,,,,3,3-6in,,,,,,,,,Crataegus,0101000020110F0000CC073977369862C15B08B5AF2E925341,Yes,N/A,,,,,,Crataegus,41.79571000000001,-87.576,,,,,,,,,,,,187124,,,,,Good,,,,,,Alive,,,,,,,molly
,,No,,,TK Inventory,CR,Hawthorn,,Poor,,,,,,,3,3-6in,,,,,,,,,Crataegus,0101000020110F0000CC073977369862C1B0BA34B32B925341,Yes,N/A,,,,,,Crataegus,41.79563,-87.576,,,,,,,,,,,,187123,,,,,Good,,,,,,Alive,,,,,,,molly
,,No,,,TK Inventory,CR,Hawthorn,,Good,,,,,,,6,6-12in,,,,,,,,,Crataegus,0101000020110F000074978ED03E9862C15FB5A4532B925341,Yes,N/A,,,,,,Crataegus,41.79562000000001,-87.5766,,,,,,,,,,,,187122,,,,,Good,,,,,,Alive,,,,,,,molly
,,No,,,TK Inventory,TIAM,American linden,,Poor,,,,,,,12,12-18in,,,,,,,,,Tilia,0101000020110F0000A1CFE3A33A9862C14EABF4342A925341,Yes,N/A,,,,,,Tilia americana,41.795590000000004,-87.5763,,,,,,,,,,,,187121,,,,,Good,,,,,,Alive,,,,,,,molly
,,No,,,TK Inventory,TICO,Littleleaf linden,,Good,,,,,,,1,0-3in,,,,,,,,,Tilia,0101000020110F0000B15255E6309862C179BB66C735925341,Yes,N/A,,,,,,Tilia cordata,41.79590000000001,-87.5756,,,,,,,,,,,,187120,,,,,Good,,,,,,Alive,,,,,,,molly
,,No,,,TK Inventory,ACSA2,Sugar maple,,Good,,,,,,,12,12-18in,,,,,,,,,Acer,0101000020110F000061141D8E489862C1F9C0C4122C925341,Yes,N/A,,,,,,Acer saccharum,41.79564,-87.5773,,,,,,,,,,,,187119,,,,,Good,,,,,,Alive,,,,,,,molly
,,No,,,TK Inventory,ACSA2,Sugar maple,,Fair,,,,,,,6,6-12in,,,,,,,,,Acer,0101000020110F000061141D8E489862C13CC9547926925341,Yes,N/A,,,,,,Acer saccharum,41.795489999999994,-87.5773,,,,,,,,,,,,187118,,,,,Good,,,,,,Alive,,,,,,,molly
,,No,,,TK Inventory,ACSA2,Sugar maple,,Fair,,,,,,,6,6-12in,,,,,,,,,Acer,0101000020110F00008E4C7261449862C199D1C41926925341,Yes,N/A,,,,,,Acer saccharum,41.795479999999976,-87.577,,,,,,,,,,,,187117,,,,,Good,,,,,,Alive,,,,,,,molly
,,No,,,TK Inventory,GLTR,Honey locust,,Good,,,,,,,24,24-30in,,,,,,,,,Gleditsia,0101000020110F0000B133C840599862C16A781DD842925341,Yes,N/A,,,,,,Gleditsia triacanthos,41.79624999999999,-87.5785,,,,,,,,,,,,187116,,,,,Good,,,,,,Alive,,,,,,,molly
,,No,,,TK Inventory,GLTR,Honey locust,,Good,,,,,,,1,0-3in,,,,,,,,,Gleditsia,0101000020110F0000861A0013359862C183368D7842925341,Yes,N/A,,,,,,Gleditsia triacanthos,41.79623999999998,-87.5759,,,,,,,,,,,,187115,,,,,Good,,,,,,Alive,,,,,,,molly
,,No,,,TK Inventory,CR,Hawthorn,,Good,,,,,,,6,6-12in,,,,,,,,,Crataegus,0101000020110F000011D6E435609862C183368D7842925341,Yes,N/A,,,,,,Crataegus,41.79623999999998,-87.579,,,,,,,,,,,,187114,,,,,Good,,,,,,Alive,,,,,,,molly
,,No,,,TK Inventory,CASP,Northern catalpa,,Good,,,,,,,3,3-6in,,,,,,,,,Catalpa,0101000020110F0000FF5273F3699862C183368D7842925341,Yes,N/A,,,,,,Catalpa speciosa,41.79623999999998,-87.5797,,,,,,,,,,,,187113,,,,,Good,,,,,,Alive,,,,,,,molly
,,No,,,TK Inventory,MO,Mulberry,,Good,,,,,,,36,>30in,,,,,,,,,Morus,0101000020110F0000B133C840599862C199F5FC1842925341,Yes,N/A,,,,,,Morus,41.796229999999994,-87.5785,,,,,,,,,,,,187112,,,,,Good,,,,,,Alive,,,,,,,molly
,,No,,,TK Inventory,ACRU,Red maple,,Fair,,,,,,,3,3-6in,,,,,,,,,Acer,0101000020110F0000CC073977369862C18DD0EEB544925341,Yes,N/A,,,,,,Acer rubrum,41.79629999999998,-87.576,,,,,,,,,,,,187111,,,,,Good,,,,,,Alive,,,,,,,molly
,,No,,,TK Inventory,ACSA2,Sugar maple,,Good,,,,,,,6,6-12in,,,,,,,,,Acer,0101000020110F0000CBE8ABD15E9862C156CF19DF3C925341,Yes,N/A,,,,,,Acer saccharum,41.79609000000001,-87.5789,,,,,,,,,,,,187110,,,,,Good,,,,,,Alive,,,,,,,molly
,,No,,,TK Inventory,ACSA2,Sugar maple,,Good,,,,,,,6,6-12in,,,,,,,,,Acer,0101000020110F0000CBE8ABD15E9862C1149D897F3C925341,Yes,N/A,,,,,,Acer saccharum,41.79608,-87.5789,,,,,,,,,,,,187109,,,,,Good,,,,,,Alive,,,,,,,molly
,,No,,,TK Inventory,ACSA2,Sugar maple,,Good,,,,,,,6,6-12in,,,,,,,,,Acer,0101000020110F0000CBE8ABD15E9862C1CA6BF91F3C925341,Yes,N/A,,,,,,Acer saccharum,41.79606999999999,-87.5789,,,,,,,,,,,,187108,,,,,Good,,,,,,Alive,,,,,,,molly
,,No,,,TK Inventory,CR,Hawthorn,,Good,,,,,,,12,12-18in,,,,,,,,,Crataegus,0101000020110F0000B9653A8F689862C1793B69C03B925341,Yes,N/A,,,,,,Crataegus,41.79605999999998,-87.5796,,,,,,,,,,,,187107,,,,,Good,,,,,,Alive,,,,,,,molly
,,No,,,TK Inventory,ACSA2,Sugar maple,,Good,,,,,,,6,6-12in,,,,,,,,,Acer,0101000020110F000084FB726D5D9862C1793B69C03B925341,Yes,N/A,,,,,,Acer saccharum,41.79605999999998,-87.5788,,,,,,,,,,,,187106,,,,,Good,,,,,,Alive,,,,,,,molly
,,No,,,TK Inventory,ACSA2,Sugar maple,,Fair,,,,,,,12,12-18in,,,,,,,,,Acer,0101000020110F0000E7BC1C083C9862C17F9876AB4D925341,Yes,N/A,,,,,,Acer saccharum,41.79654,-87.5764,,,,,,,,,,,,187105,,,,,Good,,,,,,Alive,,,,,,,molly
,,No,,,TK Inventory,ACSA2,Sugar maple,,Fair,,,,,,,3,3-6in,,,,,,,,,Acer,0101000020110F0000B15255E6309862C1B680C58C4C925341,Yes,N/A,,,,,,Acer saccharum,41.796509999999984,-87.5756,,,,,,,,,,,,187104,,,,,Good,,,,,,Alive,,,,,,,molly
,,No,,,TK Inventory,ACSA2,Sugar maple,,Fair,,,,,,,12,12-18in,,,,,,,,,Acer,0101000020110F00002DAA556C3D9862C1F8C1F3AE4A925341,Yes,N/A,,,,,,Acer saccharum,41.79645999999999,-87.5765,,,,,,,,,,,,187103,,,,,Good,,,,,,Alive,,,,,,,molly
,,No,,,TK Inventory,MO,Mulberry,,Fair,,,,,,,24,24-30in,,,,,,,,,Morus,0101000020110F00008C2DE5BB6C9862C1A7C1429049925341,Yes,N/A,,,,,,Morus,41.796429999999994,-87.5799,,,,,,,,,,,,187102,,,,,Good,,,,,,Alive,,,,,,,molly
,,No,,,TK Inventory,ACSA2,Sugar maple,,Fair,,,,,,,6,6-12in,,,,,,,,,Acer,0101000020110F0000BA84C734409862C16A781DD842925341,Yes,N/A,,,,,,Acer saccharum,41.79624999999999,-87.5767,,,,,,,,,,,,187101,,,,,Good,,,,,,Alive,,,,,,,molly
,,No,,,TK Inventory,TIAM,American linden,,Fair,,,,,,,24,24-30in,,,,,,,,,Tilia,0101000020110F00006A468FDC579862C110AE245728925341,Yes,N/A,,,,,,Tilia americana,41.79554000000001,-87.5784,,,,,,,,,,,,187100,,,,,Good,,,,,,Alive,,,,,,,molly
,,No,,,TK Inventory,ACSA2,Sugar maple,,Good,,,,,,,12,12-18in,,,,,,,,,Acer,0101000020110F000074978ED03E9862C18147694850925341,Yes,N/A,,,,,,Acer saccharum,41.796609999999994,-87.5766,,,,,,,,,,,,187099,,,,,Good,,,,,,Alive,,,,,,,molly
,,No,,,TK Inventory,CACA,American hornbeam,,Good,,,,,,,1,0-3in,,,,,,,,,Carpinus,0101000020110F0000C097ACDD779862C1149D897F3C925341,Yes,N/A,,,,,,Carpinus caroliniana,41.79608,-87.5807,,,,,,,,,,,,187098,,,,,Good,,,,,,Alive,,,,,,,molly
,,No,,,TK Inventory,TICO,Littleleaf linden,,Good,,,,,,,24,24-30in,,,,,,,,,Tilia,0101000020110F0000E7BC1C083C9862C15DADE5DF20925341,Yes,N/A,,,,,,Tilia cordata,41.79533999999998,-87.5764,,,,,,,,,,,,187097,,,,,Good,,,,,,Alive,,,,,,,molly
,,No,,,TK Inventory,JUNI,Eastern black walnut,,Fair,,,,,,,6,6-12in,,,,,,,,,Juglans,0101000020110F00007AAA7379769862C135DEAD5560925341,Yes,N/A,,,,,,Juglans nigra,41.79703999999999,-87.5806,,,,,,,,,,,,187095,,,,,Good,,,,,,Alive,,,,,,,molly
,,No,,,TK Inventory,ACSA2,Sugar maple,,Fair,,,,,,,12,12-18in,,,,,,,,,Acer,0101000020110F0000BA84C734409862C169EED27E58925341,Yes,N/A,,,,,,Acer saccharum,41.79683000000001,-87.5767,,,,,,,,,,,,187094,,,,,Good,,,,,,Alive,,,,,,,molly
,,No,,,TK Inventory,GLTR,Honey locust,,Fair,,,,,,,12,12-18in,,,,,,,,,Gleditsia,0101000020110F0000A6E2C84C729862C107EE3D88FE915341,Yes,N/A,,,,,,Gleditsia triacanthos,41.79442000000001,-87.5803,,,,,,,,,,,,187093,,,,,Good,,,,,,Alive,,,,,,,molly
,,No,,,TK Inventory,ULPU,Siberian elm,,Fair,,,,,,,6,6-12in,,,,,,,,,Ulmus,0101000020110F0000D21A1E206E9862C17F09322CFB915341,Yes,N/A,,,,,,Ulmus pumila,41.794330000000016,-87.58,,,,,,,,,,,,187092,,,,,Good,,,,,,Alive,,,,,,,molly
,,No,,,TK Inventory,MA2,Crabapple,,Fair,,,,,,,12,12-18in,,,,,,,,,Malus,0101000020110F0000B15255E6309862C1E6E304912D925341,Yes,N/A,,,,,,Malus,41.79568,-87.5756,,,,,,,,,,,,187091,,,,,Good,,,,,,Alive,,,,,,,molly
,,No,,,TK Inventory,TIAM,American linden,,Fair,,,,,,,24,24-30in,,,,,,,,,Tilia,0101000020110F00006A468FDC579862C104AA441629925341,Yes,N/A,,,,,,Tilia americana,41.79555999999999,-87.5784,,,,,,,,,,,,187090,,,,,Good,,,,,,Alive,,,,,,,molly
,,No,,,TK Inventory,ACSA2,Sugar maple,,Good,,,,,,,6,6-12in,,,,,,,,,Acer,0101000020110F00008E4C7261449862C161F535C11F925341,Yes,N/A,,,,,,Acer saccharum,41.79531,-87.577,,,,,,,,,,,,187089,,,,,Good,,,,,,Alive,,,,,,,molly
,,No,,,TK Inventory,ACRU,Red maple,,Good,,,,,,,12,12-18in,,,,,,,,,Acer,0101000020110F0000BA84C734409862C161F535C11F925341,Yes,N/A,,,,,,Acer rubrum,41.79531,-87.5767,,,,,,,,,,,,187088,,,,,Good,,,,,,Alive,,,,,,,molly
,,No,,,TK Inventory,CR,Hawthorn,,Good,,,,,,,6,6-12in,,,,,,,,,Crataegus,0101000020110F0000A80156F2499862C1452A16021F925341,Yes,N/A,,,,,,Crataegus,41.795289999999994,-87.5774,,,,,,,,,,,,187087,,,,,Good,,,,,,Alive,,,,,,,molly
,,No,,,TK Inventory,ACSA2,Sugar maple,,Good,,,,,,,12,12-18in,,,,,,,,,Acer,0101000020110F00001B27E429479862C11063F6421E925341,Yes,N/A,,,,,,Acer saccharum,41.79526999999998,-87.5772,,,,,,,,,,,,187086,,,,,Good,,,,,,Alive,,,,,,,molly
,,No,,,TK Inventory,ACSA2,Sugar maple,,Good,,,,,,,6,6-12in,,,,,,,,,Acer,0101000020110F00003F2DC7AE339862C18DABB4B628925341,Yes,N/A,,,,,,Acer saccharum,41.79555,-87.5758,,,,,,,,,,,,187085,,,,,Good,,,,,,Alive,,,,,,,molly
,,No,,,TK Inventory,CR,Hawthorn,,Fair,,,,,,,6,6-12in,,,,,,,,,Crataegus,0101000020110F0000BA84C734409862C1085B255E22925341,Yes,N/A,,,,,,Crataegus,41.79537999999999,-87.5767,,,,,,,,,,,,187084,,,,,Good,,,,,,Alive,,,,,,,molly
,,No,,,TK Inventory,ACSA2,Sugar maple,,Good,,,,,,,12,12-18in,,,,,,,,,Acer,0101000020110F0000861A0013359862C1DBC1E4D826925341,Yes,N/A,,,,,,Acer saccharum,41.79550000000001,-87.5759,,,,,,,,,,,,187083,,,,,Good,,,,,,Alive,,,,,,,molly
,,No,,,TK Inventory,AM,Serviceberry,,Poor,,,,,,,3,3-6in,,,,,,,,,Amelanchier,0101000020110F0000FF5273F3699862C166C4558020925341,Yes,N/A,,,,,,Amelanchier,41.79533,-87.5797,,,,,,,,,,,,187082,,,,,Good,,,,,,Alive,,,,,,,molly
,,No,,,TK Inventory,,Pine,,Poor,,,,,,,12,12-18in,,,,,,,,,Pinus,0101000020110F0000A1CFE3A33A9862C163DCC52020925341,Yes,N/A,,,,,,Pinus spp,41.795319999999975,-87.5763,,,,,,,,,,,,187081,,,,,Good,,,,,,Alive,,,,,,,molly
,,No,,,TK Inventory,AC,Maple,,Fair,,,,,,,12,12-18in,,,,,,,,,Acer,0101000020110F000001720099419862C15DADE5DF20925341,Yes,N/A,,,,,,Acer,41.79533999999998,-87.5768,,,,,,,,,,,,187080,,,,,Good,,,,,,Alive,,,,,,,molly
,,No,,,TK Inventory,,Pine,,Fair,,,,,,,12,12-18in,,,,,,,,,Pinus,0101000020110F000059E2AA3F399862C1452A16021F925341,Yes,N/A,,,,,,Pinus spp,41.795289999999994,-87.5762,,,,,,,,,,,,187079,,,,,Good,,,,,,Alive,,,,,,,molly
,,No,,,TK Inventory,QUIM,Shingle oak,,Poor,,,,,,,6,6-12in,,,,,,,,,Quercus,0101000020110F00007AAA7379769862C10B95D80D67925341,Yes,N/A,,,,,,Quercus imbricaria,41.79721999999998,-87.5806,,,,,,,,,,,,187078,,,,,Good,,,,,,Alive,,,,,,,molly
,,No,,,TK Inventory,QUIM,Shingle oak,,Good,,,,,,,6,6-12in,,,,,,,,,Quercus,0101000020110F0000C097ACDD779862C185F998F95C925341,Yes,N/A,,,,,,Quercus imbricaria,41.79694999999999,-87.5807,,,,,,,,,,,,187077,,,,,Good,,,,,,Alive,,,,,,,molly
,,No,,,TK Inventory,ACSA2,Sugar maple,,Good,,,,,,,12,12-18in,,,,,,,,,Acer,0101000020110F0000B15255E6309862C123DCF62636925341,Yes,N/A,,,,,,Acer saccharum,41.79591,-87.5756,,,,,,,,,,,,187076,,,,,Good,,,,,,Alive,,,,,,,molly
,,No,,,TK Inventory,ACSA2,Sugar maple,,Good,,,,,,,6,6-12in,,,,,,,,,Acer,0101000020110F0000F93F8E4A329862C1B2D974312D925341,Yes,N/A,,,,,,Acer saccharum,41.79566999999999,-87.5757,,,,,,,,,,,,187075,,,,,Good,,,,,,Alive,,,,,,,molly
,,No,,,TK Inventory,ACSA2,Sugar maple,,Good,,,,,,,12,12-18in,,,,,,,,,Acer,0101000020110F00003F2DC7AE339862C15B08B5AF2E925341,Yes,N/A,,,,,,Acer saccharum,41.79571000000001,-87.5758,,,,,,,,,,,,187074,,,,,Good,,,,,,Alive,,,,,,,molly
,,No,,,TK Inventory,ACSA2,Sugar maple,,Good,,,,,,,24,24-30in,,,,,,,,,Acer,0101000020110F00006A468FDC579862C1E6E304912D925341,Yes,N/A,,,,,,Acer saccharum,41.79568,-87.5784,,,,,,,,,,,,187073,,,,,Good,,,,,,Alive,,,,,,,molly
,,No,,,TK Inventory,ACSA2,Sugar maple,,Good,,,,,,,6,6-12in,,,,,,,,,Acer,0101000020110F000036DCC7BA4C9862C193F014FB24925341,Yes,N/A,,,,,,Acer saccharum,41.795449999999995,-87.5776,,,,,,,,,,,,187072,,,,,Good,,,,,,Alive,,,,,,,molly
,,No,,,TK Inventory,ACFR,Freeman maple,,Good,,,,,,,12,12-18in,,,,,,,,,Acer,0101000020110F00006C651C822F9862C199F5FC1842925341,Yes,N/A,,,,,,Acer x freemanii,41.796229999999994,-87.5755,,,,,,,,,,,,187071,,,,,Good,,,,,,Alive,,,,,,,molly
,,No,,,TK Inventory,ULS,Elm,,Good,,,,,,,1,0-3in,,,,,,,,,Ulmus,0101000020110F00007AAA7379769862C1C344E47064925341,Yes,N/A,,,,,,Ulmus,41.79714999999999,-87.5806,,,,,,,,,,,,187070,,,,,Good,,,,,,Alive,,,,,,,molly
,,No,,,TK Inventory,AEHI,Horsechestnut,,Good,,,,,,,36,>30in,,,,,,,,,Aesculus,0101000020110F000033BD3A15759862C158B8803362925341,Yes,N/A,,,,,,Aesculus hippocastanum,41.79708999999998,-87.5805,,,,,,,,,,,,187069,,,,,Good,,,,,,Alive,,,,,,,molly
,,No,,,TK Inventory,ACSA2,Sugar maple,,Good,,,,,,,12,12-18in,,,,,,,,,Acer,0101000020110F0000BA84C734409862C135DEAD5560925341,Yes,N/A,,,,,,Acer saccharum,41.79703999999999,-87.5767,,,,,,,,,,,,187068,,,,,Good,,,,,,Alive,,,,,,,molly
,,No,,,TK Inventory,GLTR,Honey locust,,Fair,,,,,,,36,>30in,,,,,,,,,Gleditsia,0101000020110F0000DB4C906E7D9862C1B16D3C4B69925341,Yes,N/A,,,,,,Gleditsia triacanthos,41.79728,-87.5811,,,,,,,,,,,,187067,,,,,Good,,,,,,Alive,,,,,,,molly
,,No,,,TK Inventory,GIBI,Ginkgo,,Fair,,,,,,,12,12-18in,,,,,,,,,Ginkgo,0101000020110F000060F58FE8709862C15E24F0D361925341,Yes,N/A,,,,,,Ginkgo biloba,41.797079999999994,-87.5802,,,,,,,,,,,,187066,,,,,Good,,,,,,Alive,,,,,,,molly
,,No,,,TK Inventory,QUBI,Swamp white oak,,Fair,,,,,,,1,0-3in,,,,,,,,,Quercus,0101000020110F0000C097ACDD779862C136A5B6E46E925341,Yes,N/A,,,,,,Quercus bicolor,41.797430000000006,-87.5807,,,,,,,,,,,,187065,,,,,Good,,,,,,Alive,,,,,,,molly
,,No,,,TK Inventory,ULS,Elm,,Good,,,,,,,1,0-3in,,,,,,,,,Ulmus,0101000020110F0000C2B639834F9862C1E9A8DFE155925341,Yes,N/A,,,,,,Ulmus,41.79676,-87.5778,,,,,,,,,,,,187064,,,,,Good,,,,,,Alive,,,,,,,molly
,,No,,,TK Inventory,PINI,Austrian pine,,Good,,,,,,,12,12-18in,,,,,,,,,Pinus,0101000020110F0000C2B639834F9862C12C354F8255925341,Yes,N/A,,,,,,Pinus nigra,41.796749999999996,-87.5778,,,,,,,,,,,,187063,,,,,Good,,,,,,Alive,,,,,,,molly
,,No,,,TK Inventory,ULS,Elm,,Good,,,,,,,1,0-3in,,,,,,,,,Ulmus,0101000020110F000036DCC7BA4C9862C128017DA453925341,Yes,N/A,,,,,,Ulmus,41.79669999999998,-87.5776,,,,,,,,,,,,187062,,,,,Good,,,,,,Alive,,,,,,,molly
,,No,,,TK Inventory,PINI,Austrian pine,,Good,,,,,,,12,12-18in,,,,,,,,,Pinus,0101000020110F0000DC6B1D14559862C128017DA453925341,Yes,N/A,,,,,,Pinus nigra,41.79669999999998,-87.5782,,,,,,,,,,,,187061,,,,,Good,,,,,,Alive,,,,,,,molly
,,No,,,TK Inventory,TICO,Littleleaf linden,,Good,,,,,,,24,24-30in,,,,,,,,,Tilia,0101000020110F0000D539ABC5459862C17DBACB8552925341,Yes,N/A,,,,,,Tilia cordata,41.796670000000006,-87.5771,,,,,,,,,,,,187060,,,,,Good,,,,,,Alive,,,,,,,molly
,,No,,,TK Inventory,PINI,Austrian pine,,Good,,,,,,,6,6-12in,,,,,,,,,Pinus,0101000020110F000009A472E7509862C1894F3B2652925341,Yes,N/A,,,,,,Pinus nigra,41.79665999999999,-87.5779,,,,,,,,,,,,187059,,,,,Good,,,,,,Alive,,,,,,,molly
,,No,,,TK Inventory,PINI,Austrian pine,,Good,,,,,,,12,12-18in,,,,,,,,,Pinus,0101000020110F0000DC6B1D14559862C1894F3B2652925341,Yes,N/A,,,,,,Pinus nigra,41.79665999999999,-87.5782,,,,,,,,,,,,187058,,,,,Good,,,,,,Alive,,,,,,,molly
,,No,,,TK Inventory,CR,Hawthorn,,Good,,,,,,,6,6-12in,,,,,,,,,Crataegus,0101000020110F0000D539ABC5459862C1413AE64B4D925341,Yes,N/A,,,,,,Crataegus,41.79652999999998,-87.5771,,,,,,,,,,,,187057,,,,,Good,,,,,,Alive,,,,,,,molly
,,No,,,TK Inventory,ACFR,Freeman maple,,Good,,,,,,,12,12-18in,,,,,,,,,Acer,0101000020110F0000B15255E6309862C1413AE64B4D925341,Yes,N/A,,,,,,Acer x freemanii,41.79652999999998,-87.5756,,,,,,,,,,,,187056,,,,,Good,,,,,,Alive,,,,,,,molly
,,No,,,TK Inventory,GLTR,Honey locust,,Good,,,,,,,36,>30in,,,,,,,,,Gleditsia,0101000020110F0000FF5273F3699862C1C1AA9FD445925341,Yes,N/A,,,,,,Gleditsia triacanthos,41.796329999999976,-87.5797,,,,,,,,,,,,187055,,,,,Good,,,,,,Alive,,,,,,,molly
,,No,,,TK Inventory,PINI,Austrian pine,,Good,,,,,,,12,12-18in,,,,,,,,,Pinus,0101000020110F00002578E31D2E9862C1AABF2B3B40925341,Yes,N/A,,,,,,Pinus nigra,41.79618,-87.5754,,,,,,,,,,,,187054,,,,,Good,,,,,,Alive,,,,,,,molly
,,No,,,TK Inventory,MA2,Crabapple,,Fair,,,,,,,6,6-12in,,,,,,,,,Malus,0101000020110F0000945F570A7C9862C1757DC2DD74925341,Yes,N/A,,,,,,Malus,41.79759,-87.581,,,,,,,,,,,,187053,,,,,Good,,,,,,Alive,,,,,,,molly
,,No,,,TK Inventory,MA2,Crabapple,,Fair,,,,,,,6,6-12in,,,,,,,,,Malus,0101000020110F0000945F570A7C9862C10AEF5DA072925341,Yes,N/A,,,,,,Malus,41.797529999999995,-87.581,,,,,,,,,,,,187052,,,,,Good,,,,,,Alive,,,,,,,molly
,,No,,,TK Inventory,JUNI,Eastern black walnut,,Fair,,,,,,,12,12-18in,,,,,,,,,Juglans,0101000020110F0000EDCF01B1739862C1BABD5D0A6A925341,Yes,N/A,,,,,,Juglans nigra,41.79730000000001,-87.5804,,,,,,,,,,,,187051,,,,,Good,,,,,,Alive,,,,,,,molly
,,No,,,TK Inventory,QURU,Northern red oak,,Fair,,,,,,,12,12-18in,,,,,,,,,Quercus,0101000020110F0000A6E2C84C729862C1894F3B2652925341,Yes,N/A,,,,,,Quercus rubra,41.79665999999999,-87.5803,,,,,,,,,,,,187050,,,,,Good,,,,,,Alive,,,,,,,molly
,,No,,,TK Inventory,JUNI,Eastern black walnut,,Fair,,,,,,,24,24-30in,,,,,,,,,Juglans,0101000020110F0000D21A1E206E9862C1BD71146E4B925341,Yes,N/A,,,,,,Juglans nigra,41.79647999999999,-87.58,,,,,,,,,,,,187049,,,,,Good,,,,,,Alive,,,,,,,molly
,,No,,,TK Inventory,MO,Mulberry,,Fair,,,,,,,24,24-30in,,,,,,,,,Morus,0101000020110F00007178012B679862C1B404782339925341,Yes,N/A,,,,,,Morus,41.79599000000002,-87.5795,,,,,,,,,,,,187048,,,,,Good,,,,,,Alive,,,,,,,molly
,,No,,,TK Inventory,AEHI,Horsechestnut,,Fair,,,,,,,12,12-18in,,,,,,,,,Aesculus,0101000020110F00002B8BC8C6659862C17CAAC50B32925341,Yes,N/A,,,,,,Aesculus hippocastanum,41.7958,-87.5794,,,,,,,,,,,,187047,,,,,Good,,,,,,Alive,,,,,,,molly
,,No,,,TK Inventory,TIAM,American linden,,Fair,,,,,,,24,24-30in,,,,,,,,,Tilia,0101000020110F00007178012B679862C16FBB743827925341,Yes,N/A,,,,,,Tilia americana,41.79550999999999,-87.5795,,,,,,,,,,,,187046,,,,,Good,,,,,,Alive,,,,,,,molly
,,No,,,TK Inventory,PODE,Eastern cottonwood,,Fair,,,,,,,36,>30in,,,,,,,,,Populus,0101000020110F00005091AB4B529862C199D1C41926925341,Yes,N/A,,,,,,Populus deltoides,41.795479999999976,-87.578,,,,,,,,,,,,187045,,,,,Good,,,,,,Alive,,,,,,,molly
,,No,,,TK Inventory,CR,Hawthorn,,Fair,,,,,,,6,6-12in,,,,,,,,,Crataegus,0101000020110F0000B9653A8F689862C147E5A45A25925341,Yes,N/A,,,,,,Crataegus,41.79546,-87.5796,,,,,,,,,,,,187044,,,,,Good,,,,,,Alive,,,,,,,molly
,,No,,,TK Inventory,ACSA2,Sugar maple,,Poor,,,,,,,6,6-12in,,,,,,,,,Acer,0101000020110F00006C651C822F9862C14BD9EABC3E925341,Yes,N/A,,,,,,Acer saccharum,41.79613999999999,-87.5755,,,,,,,,,,,,187043,,,,,Good,,,,,,Alive,,,,,,,molly
,,No,,,TK Inventory,MO,Mulberry,,Poor,,,,,,,24,24-30in,,,,,,,,,Morus,0101000020110F000009A472E7509862C1F8C1F3AE4A925341,Yes,N/A,,,,,,Morus,41.79645999999999,-87.5779,,,,,,,,,,,,187042,,,,,Good,,,,,,Alive,,,,,,,molly
,,No,,,TK Inventory,GLTR,Honey locust,,Fair,,,,,,,36,>30in,,,,,,,,,Gleditsia,0101000020110F000084FB726D5D9862C1E348B5BD22925341,Yes,N/A,,,,,,Gleditsia triacanthos,41.795389999999976,-87.5788,,,,,,,,,,,,187041,,,,,Good,,,,,,Alive,,,,,,,molly
,,No,,,TK Inventory,MOAL,White mulberry,,Dead,,,,,,,12,12-18in,,,,,,,,,Morus,0101000020110F0000B9653A8F689862C1662017E636925341,Yes,N/A,,,,,,Morus alba,41.79592999999997,-87.5796,,,,,,,,,,,,187040,,,,,Good,,,,,,Alive,,,,,,,molly
,,No,,,TK Inventory,AEGL,Ohio buckeye,,Poor,,,,,,,24,24-30in,,,,,,,,,Aesculus,0101000020110F00000685E541799862C14033FBF878925341,Yes,N/A,,,,,,Aesculus glabra,41.797700000000006,-87.5808,,,,,,,,,,,,187039,,,,,Good,,,,,,Alive,,,,,,,molly
,,No,,,TK Inventory,MO,Mulberry,,Poor,,,,,,,12,12-18in,,,,,,,,,Morus,0101000020110F0000213AC9D27E9862C13467EE696A925341,Yes,N/A,,,,,,Morus,41.797309999999996,-87.5812,,,,,,,,,,,,187038,,,,,Good,,,,,,Alive,,,,,,,molly
,,No,,,TK Inventory,CR,Hawthorn,,Poor,,,,,,,3,3-6in,,,,,,,,,Crataegus,0101000020110F0000A1CFE3A33A9862C1F00B068A33925341,Yes,N/A,,,,,,Crataegus,41.79583999999997,-87.5763,,,,,,,,,,,,187037,,,,,Good,,,,,,Alive,,,,,,,molly
,,No,,,TK Inventory,ACSA2,Sugar maple,,Poor,,,,,,,6,6-12in,,,,,,,,,Acer,0101000020110F0000CC073977369862C174A9D47529925341,Yes,N/A,,,,,,Acer saccharum,41.79556999999997,-87.576,,,,,,,,,,,,187036,,,,,Good,,,,,,Alive,,,,,,,molly
,,No,,,TK Inventory,PINI,Austrian pine,,Poor,,,,,,,12,12-18in,,,,,,,,,Pinus,0101000020110F000009A472E7509862C164265CE552925341,Yes,N/A,,,,,,Pinus nigra,41.79667999999999,-87.5779,,,,,,,,,,,,187035,,,,,Good,,,,,,Alive,,,,,,,molly
,,No,,,TK Inventory,PINI,Austrian pine,,Poor,,,,,,,6,6-12in,,,,,,,,,Pinus,0101000020110F0000967EE4AF539862C18CADF9A750925341,Yes,N/A,,,,,,Pinus nigra,41.796619999999976,-87.5781,,,,,,,,,,,,187034,,,,,Good,,,,,,Alive,,,,,,,molly
,,No,,,TK Inventory,GLTR,Honey locust,,Good,,,,,,,36,>30in,,,,,,,,,Gleditsia,0101000020110F0000EDCF01B1739862C18147694850925341,Yes,N/A,,,,,,Gleditsia triacanthos,41.796609999999994,-87.5804,,,,,,,,,,,,187033,,,,,Good,,,,,,Alive,,,,,,,molly
,,No,,,TK Inventory,CR,Hawthorn,,Good,,,,,,,6,6-12in,,,,,,,,,Crataegus,0101000020110F0000FF5273F3699862C1085B255E22925341,Yes,N/A,,,,,,Crataegus,41.79537999999999,-87.5797,,,,,,,,,,,,187032,,,,,Good,,,,,,Alive,,,,,,,molly
,,No,,,TK Inventory,TIAM,American linden,,Good,,,,,,,24,24-30in,,,,,,,,,Tilia,0101000020110F00005091AB4B529862C110AE245728925341,Yes,N/A,,,,,,Tilia americana,41.79554000000001,-87.578,,,,,,,,,,,,187031,,,,,Good,,,,,,Alive,,,,,,,molly
,,No,,,TK Inventory,MO,Mulberry,,Good,,,,,,,36,>30in,,,,,,,,,Morus,0101000020110F0000967EE4AF539862C1A1502EC354925341,Yes,N/A,,,,,,Morus,41.796729999999975,-87.5781,,,,,,,,,,,,187030,,,,,Good,,,,,,Alive,,,,,,,molly
,,No,,,TK Inventory,PINI,Austrian pine,,Fair,,,,,,,6,6-12in,,,,,,,,,Pinus,0101000020110F000009A472E7509862C196148A0751925341,Yes,N/A,,,,,,Pinus nigra,41.79662999999999,-87.5779,,,,,,,,,,,,187029,,,,,Good,,,,,,Alive,,,,,,,molly
,,No,,,TK Inventory,GLTR,Honey locust,,Good,,,,,,,1,0-3in,,,,,,,,,Gleditsia,0101000020110F0000DB4C906E7D9862C110732AB17F925341,Yes,N/A,,,,,,Gleditsia triacanthos,41.797880000000006,-87.5811,,,,,,,,,,,,187028,,,,,Good,,,,,,Alive,,,,,,,molly
,,No,,,TK Inventory,ACFR,Freeman maple,,Good,,,,,,,1,0-3in,,,,,,,,,Acer,0101000020110F0000D21A1E206E9862C1F084A3B47C925341,Yes,N/A,,,,,,Acer x freemanii,41.797799999999995,-87.58,,,,,,,,,,,,187027,,,,,Good,,,,,,Alive,,,,,,,molly
,,No,,,TK Inventory,AEGL,Ohio buckeye,,Good,,,,,,,6,6-12in,,,,,,,,,Aesculus,0101000020110F0000945F570A7C9862C193AB12557C925341,Yes,N/A,,,,,,Aesculus glabra,41.797790000000006,-87.581,,,,,,,,,,,,187026,,,,,Good,,,,,,Alive,,,,,,,molly
,,No,,,TK Inventory,ULPU,Siberian elm,,Good,,,,,,,12,12-18in,,,,,,,,,Ulmus,0101000020110F0000190857846F9862C12ED381F57B925341,Yes,N/A,,,,,,Ulmus pumila,41.797779999999996,-87.5801,,,,,,,,,,,,187025,,,,,Good,,,,,,Alive,,,,,,,molly
,,No,,,TK Inventory,ACSA2,Sugar maple,,Good,,,,,,,3,3-6in,,,,,,,,,Acer,0101000020110F0000945F570A7C9862C1532560367B925341,Yes,N/A,,,,,,Acer saccharum,41.79775999999998,-87.581,,,,,,,,,,,,187024,,,,,Good,,,,,,Alive,,,,,,,molly
,,No,,,TK Inventory,ACFR,Freeman maple,,Good,,,,,,,3,3-6in,,,,,,,,,Acer,0101000020110F00008C2DE5BB6C9862C1E14FCFD67A925341,Yes,N/A,,,,,,Acer x freemanii,41.79775000000001,-87.5799,,,,,,,,,,,,187023,,,,,Good,,,,,,Alive,,,,,,,molly
,,No,,,TK Inventory,ACFR,Freeman maple,,Good,,,,,,,1,0-3in,,,,,,,,,Acer,0101000020110F0000D21A1E206E9862C15BD51CB879925341,Yes,N/A,,,,,,Acer x freemanii,41.797719999999984,-87.58,,,,,,,,,,,,187022,,,,,Good,,,,,,Alive,,,,,,,molly
,,No,,,TK Inventory,ULPU,Siberian elm,,Good,,,,,,,12,12-18in,,,,,,,,,Ulmus,0101000020110F0000D21A1E206E9862C1D0038C5879925341,Yes,N/A,,,,,,Ulmus pumila,41.797709999999995,-87.58,,,,,,,,,,,,187021,,,,,Good,,,,,,Alive,,,,,,,molly
,,No,,,TK Inventory,ULS,Elm,,Good,,,,,,,6,6-12in,,,,,,,,,Ulmus,0101000020110F0000945F570A7C9862C1A5636A9978925341,Yes,N/A,,,,,,Ulmus,41.79768999999999,-87.581,,,,,,,,,,,,187020,,,,,Good,,,,,,Alive,,,,,,,molly
,,No,,,TK Inventory,PODE,Eastern cottonwood,,Good,,,,,,,36,>30in,,,,,,,,,Populus,0101000020110F0000F60174FF829862C1092F271B77925341,Yes,N/A,,,,,,Populus deltoides,41.79764999999998,-87.5815,,,,,,,,,,,,187019,,,,,Good,,,,,,Alive,,,,,,,molly
,,No,,,TK Inventory,ACSA2,Sugar maple,,Good,,,,,,,12,12-18in,,,,,,,,,Acer,0101000020110F00004640AC576B9862C1FFAEEEFF72925341,Yes,N/A,,,,,,Acer saccharum,41.79753999999999,-87.5798,,,,,,,,,,,,187018,,,,,Good,,,,,,Alive,,,,,,,molly
,,No,,,TK Inventory,ULAM,American elm,,Good,,,,,,,12,12-18in,,,,,,,,,Ulmus,0101000020110F000068270237809862C1FBF81A2271925341,Yes,N/A,,,,,,Ulmus americana,41.797489999999996,-87.5813,,,,,,,,,,,,187017,,,,,Good,,,,,,Alive,,,,,,,molly
,,No,,,TK Inventory,ACFR,Freeman maple,,Good,,,,,,,6,6-12in,,,,,,,,,Acer,0101000020110F0000FF5273F3699862C1FBF81A2271925341,Yes,N/A,,,,,,Acer x freemanii,41.797489999999996,-87.5797,,,,,,,,,,,,187016,,,,,Good,,,,,,Alive,,,,,,,molly
,,No,,,TK Inventory,ULS,Elm,,Good,,,,,,,3,3-6in,,,,,,,,,Ulmus,0101000020110F00007AAA7379769862C1CE83F96270925341,Yes,N/A,,,,,,Ulmus,41.797469999999976,-87.5806,,,,,,,,,,,,187015,,,,,Good,,,,,,Alive,,,,,,,molly
,,No,,,TK Inventory,CR,Hawthorn,,Good,,,,,,,6,6-12in,,,,,,,,,Crataegus,0101000020110F00007178012B679862C1CE83F96270925341,Yes,N/A,,,,,,Crataegus,41.797469999999976,-87.5795,,,,,,,,,,,,187014,,,,,Good,,,,,,Alive,,,,,,,molly
,,No,,,TK Inventory,MA2,Crabapple,,Good,,,,,,,3,3-6in,,,,,,,,,Malus,0101000020110F0000E59D8F62649862C136A5B6E46E925341,Yes,N/A,,,,,,Malus,41.797430000000006,-87.5793,,,,,,,,,,,,187013,,,,,Good,,,,,,Alive,,,,,,,molly
,,No,,,TK Inventory,MA2,Crabapple,,Good,,,,,,,6,6-12in,,,,,,,,,Malus,0101000020110F0000190857846F9862C13CFAB1BF57925341,Yes,N/A,,,,,,Malus,41.79680999999999,-87.5801,,,,,,,,,,,,187012,,,,,Good,,,,,,Alive,,,,,,,molly
,,No,,,TK Inventory,GIBI,Ginkgo,,Good,,,,,,,12,12-18in,,,,,,,,,Ginkgo,0101000020110F0000C097ACDD779862C13CFAB1BF57925341,Yes,N/A,,,,,,Ginkgo biloba,41.79680999999999,-87.5807,,,,,,,,,,,,187011,,,,,Good,,,,,,Alive,,,,,,,molly
,,No,,,TK Inventory,ACFR,Freeman maple,,Good,,,,,,,6,6-12in,,,,,,,,,Acer,0101000020110F00006A468FDC579862C1A081216057925341,Yes,N/A,,,,,,Acer x freemanii,41.796800000000005,-87.5784,,,,,,,,,,,,187010,,,,,Good,,,,,,Alive,,,,,,,molly
,,No,,,TK Inventory,CR,Hawthorn,,Good,,,,,,,6,6-12in,,,,,,,,,Crataegus,0101000020110F0000E59D8F62649862C1F909910057925341,Yes,N/A,,,,,,Crataegus,41.79679,-87.5793,,,,,,,,,,,,187009,,,,,Good,,,,,,Alive,,,,,,,molly
,,No,,,TK Inventory,CR,Hawthorn,,Good,,,,,,,6,6-12in,,,,,,,,,Crataegus,0101000020110F0000CBE8ABD15E9862C14C9300A156925341,Yes,N/A,,,,,,Crataegus,41.79677999999998,-87.5789,,,,,,,,,,,,187008,,,,,Good,,,,,,Alive,,,,,,,molly
,,No,,,TK Inventory,ULPU,Siberian elm,,Good,,,,,,,12,12-18in,,,,,,,,,Ulmus,0101000020110F00009EB056FE629862C1E9A8DFE155925341,Yes,N/A,,,,,,Ulmus pumila,41.79676,-87.5792,,,,,,,,,,,,187007,,,,,Good,,,,,,Alive,,,,,,,molly
,,No,,,TK Inventory,,Unknown; Broadleaf Deciduous,,Good,,,,,,,3,3-6in,,,,,,,,,,0101000020110F0000A6E2C84C729862C1E657976A4E925341,No,N/A,,,,,,,41.79655999999999,-87.5803,,,,,,,,,,,,187006,,,,,Good,,,,,,Alive,,,,,,,molly
,,No,,,TK Inventory,CEOC,Common hackberry,,Good,,,,,,,12,12-18in,,,,,,,,,Celtis,0101000020110F0000EDCF01B1739862C17F9876AB4D925341,Yes,N/A,,,,,,Celtis occidentalis,41.79654,-87.5804,,,,,,,,,,,,187005,,,,,Good,,,,,,Alive,,,,,,,molly
,,No,,,TK Inventory,ACSA2,Sugar maple,,Good,,,,,,,12,12-18in,,,,,,,,,Acer,0101000020110F0000DC6B1D14559862C17F9876AB4D925341,Yes,N/A,,,,,,Acer saccharum,41.79654,-87.5782,,,,,,,,,,,,187004,,,,,Good,,,,,,Alive,,,,,,,molly
,,No,,,TK Inventory,ACSA2,Sugar maple,,Good,,,,,,,6,6-12in,,,,,,,,,Acer,0101000020110F0000F62001A55A9862C17F9876AB4D925341,Yes,N/A,,,,,,Acer saccharum,41.79654,-87.5786,,,,,,,,,,,,187003,,,,,Good,,,,,,Alive,,,,,,,molly
,,No,,,TK Inventory,QUMU,Chinkapin oak,,Good,,,,,,,6,6-12in,,,,,,,,,Quercus,0101000020110F0000190857846F9862C1413AE64B4D925341,Yes,N/A,,,,,,Quercus muehlenbergii,41.79652999999998,-87.5801,,,,,,,,,,,,187002,,,,,Good,,,,,,Alive,,,,,,,molly
,,No,,,TK Inventory,ULS,Elm,,Good,,,,,,,3,3-6in,,,,,,,,,Ulmus,0101000020110F00004640AC576B9862C101DD55EC4C925341,Yes,N/A,,,,,,Ulmus,41.796519999999994,-87.5798,,,,,,,,,,,,187001,,,,,Good,,,,,,Alive,,,,,,,molly
,,No,,,TK Inventory,AEHI,Horsechestnut,,Good,,,,,,,6,6-12in,,,,,,,,,Aesculus,0101000020110F0000A6E2C84C729862C101DD55EC4C925341,Yes,N/A,,,,,,Aesculus hippocastanum,41.796519999999994,-87.5803,,,,,,,,,,,,187000,,,,,Good,,,,,,Alive,,,,,,,molly
,,No,,,TK Inventory,ACSA2,Sugar maple,,Good,,,,,,,6,6-12in,,,,,,,,,Acer,0101000020110F00001B27E429479862C101DD55EC4C925341,Yes,N/A,,,,,,Acer saccharum,41.796519999999994,-87.5772,,,,,,,,,,,,186999,,,,,Good,,,,,,Alive,,,,,,,molly
,,No,,,TK Inventory,TIAM,American linden,,Good,,,,,,,12,12-18in,,,,,,,,,Tilia,0101000020110F0000D21A1E206E9862C1B680C58C4C925341,Yes,N/A,,,,,,Tilia americana,41.796509999999984,-87.58,,,,,,,,,,,,186998,,,,,Good,,,,,,Alive,,,,,,,molly
,,No,,,TK Inventory,GLTR,Honey locust,,Good,,,,,,,1,0-3in,,,,,,,,,Gleditsia,0101000020110F000060F58FE8709862C1B680C58C4C925341,Yes,N/A,,,,,,Gleditsia triacanthos,41.796509999999984,-87.5802,,,,,,,,,,,,186997,,,,,Good,,,,,,Alive,,,,,,,molly
,,No,,,TK Inventory,CR,Hawthorn,,Good,,,,,,,6,6-12in,,,,,,,,,Crataegus,0101000020110F0000F62001A55A9862C18F6B634F4A925341,Yes,N/A,,,,,,Crataegus,41.79645,-87.5786,,,,,,,,,,,,186996,,,,,Good,,,,,,Alive,,,,,,,molly
,,No,,,TK Inventory,ACFR,Freeman maple,,Good,,,,,,,12,12-18in,,,,,,,,,Acer,0101000020110F00002578E31D2E9862C1B5384CFA40925341,Yes,N/A,,,,,,Acer x freemanii,41.7962,-87.5754,,,,,,,,,,,,186995,,,,,Good,,,,,,Alive,,,,,,,molly
,,No,,,TK Inventory,MA2,Crabapple,,Good,,,,,,,6,6-12in,,,,,,,,,Malus,0101000020110F00004640AC576B9862C1B0FBBB9A40925341,Yes,N/A,,,,,,Malus,41.79618999999998,-87.5798,,,,,,,,,,,,186994,,,,,Good,,,,,,Alive,,,,,,,molly
,,No,,,TK Inventory,ACSA2,Sugar maple,,Good,,,,,,,6,6-12in,,,,,,,,,Acer,0101000020110F00003D0E3A095C9862C1B0FBBB9A40925341,Yes,N/A,,,,,,Acer saccharum,41.79618999999998,-87.5787,,,,,,,,,,,,186993,,,,,Good,,,,,,Alive,,,,,,,molly
,,No,,,TK Inventory,ULS,Elm,,Good,,,,,,,3,3-6in,,,,,,,,,Ulmus,0101000020110F00007178012B679862C198849BDB3F925341,Yes,N/A,,,,,,Ulmus,41.79616999999998,-87.5795,,,,,,,,,,,,186992,,,,,Good,,,,,,Alive,,,,,,,molly
,,No,,,TK Inventory,ACSA2,Sugar maple,,Good,,,,,,,3,3-6in,,,,,,,,,Acer,0101000020110F0000B9653A8F689862C198849BDB3F925341,Yes,N/A,,,,,,Acer saccharum,41.79616999999998,-87.5796,,,,,,,,,,,,186991,,,,,Good,,,,,,Alive,,,,,,,molly
,,No,,,TK Inventory,ACSA2,Sugar maple,,Good,,,,,,,36,>30in,,,,,,,,,Acer,0101000020110F0000F62001A55A9862C198849BDB3F925341,Yes,N/A,,,,,,Acer saccharum,41.79616999999998,-87.5786,,,,,,,,,,,,186990,,,,,Good,,,,,,Alive,,,,,,,molly
,,No,,,TK Inventory,AEHI,Horsechestnut,,Good,,,,,,,6,6-12in,,,,,,,,,Aesculus,0101000020110F00007AAA7379769862C19A5898E239925341,Yes,N/A,,,,,,Aesculus hippocastanum,41.796009999999995,-87.5806,,,,,,,,,,,,186989,,,,,Good,,,,,,Alive,,,,,,,molly
,,No,,,TK Inventory,ACSA2,Sugar maple,,Good,,,,,,,12,12-18in,,,,,,,,,Acer,0101000020110F0000E7BC1C083C9862C19A5898E239925341,Yes,N/A,,,,,,Acer saccharum,41.796009999999995,-87.5764,,,,,,,,,,,,186988,,,,,Good,,,,,,Alive,,,,,,,molly
,,No,,,TK Inventory,ACSA2,Sugar maple,,Good,,,,,,,6,6-12in,,,,,,,,,Acer,0101000020110F0000B133C840599862C1292E088339925341,Yes,N/A,,,,,,Acer saccharum,41.796,-87.5785,,,,,,,,,,,,186987,,,,,Good,,,,,,Alive,,,,,,,molly
,,No,,,TK Inventory,MA2,Crabapple,,Good,,,,,,,3,3-6in,,,,,,,,,Malus,0101000020110F00004640AC576B9862C1B404782339925341,Yes,N/A,,,,,,Malus,41.79599000000002,-87.5798,,,,,,,,,,,,186986,,,,,Good,,,,,,Alive,,,,,,,molly
,,No,,,TK Inventory,TIAM,American linden,,Good,,,,,,,24,24-30in,,,,,,,,,Tilia,0101000020110F0000EDCF01B1739862C10244A74537925341,Yes,N/A,,,,,,Tilia americana,41.79593999999999,-87.5804,,,,,,,,,,,,186985,,,,,Good,,,,,,Alive,,,,,,,molly
,,No,,,TK Inventory,TICO,Littleleaf linden,,Good,,,,,,,36,>30in,,,,,,,,,Tilia,0101000020110F00003D0E3A095C9862C1662017E636925341,Yes,N/A,,,,,,Tilia cordata,41.79592999999997,-87.5787,,,,,,,,,,,,186984,,,,,Good,,,,,,Alive,,,,,,,molly
,,No,,,TK Inventory,ACSA2,Sugar maple,,Good,,,,,,,6,6-12in,,,,,,,,,Acer,0101000020110F0000CBE8ABD15E9862C1662017E636925341,Yes,N/A,,,,,,Acer saccharum,41.79592999999997,-87.5789,,,,,,,,,,,,186983,,,,,Good,,,,,,Alive,,,,,,,molly
,,No,,,TK Inventory,ACSA2,Sugar maple,,Good,,,,,,,6,6-12in,,,,,,,,,Acer,0101000020110F0000CBE8ABD15E9862C11DF2752A33925341,Yes,N/A,,,,,,Acer saccharum,41.795829999999995,-87.5789,,,,,,,,,,,,186982,,,,,Good,,,,,,Alive,,,,,,,molly
,,No,,,TK Inventory,MA2,Crabapple,,Good,,,,,,,3,3-6in,,,,,,,,,Malus,0101000020110F000033BD3A15759862C144D9E5CA32925341,Yes,N/A,,,,,,Malus,41.795820000000006,-87.5805,,,,,,,,,,,,186981,,,,,Good,,,,,,Alive,,,,,,,molly
,,No,,,TK Inventory,JUNI,Eastern black walnut,,Poor,,,,,,,12,12-18in,,,,,,,,,Juglans,0101000020110F0000A6E2C84C729862C16E45FCB4F3915341,Yes,N/A,,,,,,Juglans nigra,41.79412999999999,-87.5803,,,,,,,,,,,,186980,,,,,Good,,,,,,Alive,,,,,,,molly
,,No,,,TK Inventory,ULPU,Siberian elm,,Good,,,,,,,12,12-18in,,,,,,,,,Ulmus,0101000020110F0000190857846F9862C192F2B52FF8915341,Yes,N/A,,,,,,Ulmus pumila,41.794250000000005,-87.5801,,,,,,,,,,,,186979,,,,,Good,,,,,,Alive,,,,,,,molly
,,No,,,TK Inventory,PLOC,American sycamore,,Good,,,,,,,12,12-18in,,,,,,,,,Platanus,0101000020110F0000190857846F9862C1CA8E05BCED915341,Yes,N/A,,,,,,Platanus occidentalis,41.79396999999999,-87.5801,,,,,,,,,,,,186978,,,,,Good,,,,,,Alive,,,,,,,molly
,,No,,,TK Inventory,PLOC,American sycamore,,Good,,,,,,,12,12-18in,,,,,,,,,Platanus,0101000020110F0000A6E2C84C729862C1AD3A43E5E5915341,Yes,N/A,,,,,,Platanus occidentalis,41.793760000000006,-87.5803,,,,,,,,,,,,186977,,,,,Good,,,,,,Alive,,,,,,,molly
,,No,,,TK Inventory,CR,Hawthorn,,Dead,,,,,,,3,3-6in,,,,,,,,,Crataegus,0101000020110F000013F571DB379862C18D42264934925341,Yes,N/A,,,,,,Crataegus,41.795860000000005,-87.5761,,,,,,,,,,,,186976,,,,,Good,,,,,,Alive,,,,,,,molly
,,No,,,TK Inventory,ACSA2,Sugar maple,,Good,,,,,,,6,6-12in,,,,,,,,,Acer,0101000020110F00003D0E3A095C9862C1571865DC23925341,Yes,N/A,,,,,,Acer saccharum,41.79541999999999,-87.5787,,,,,,,,,,,,186975,,,,,Good,,,,,,Alive,,,,,,,molly
,,No,,,TK Inventory,ACRU,Red maple,,Good,,,,,,,6,6-12in,,,,,,,,,Acer,0101000020110F0000F62001A55A9862C1571865DC23925341,Yes,N/A,,,,,,Acer rubrum,41.79541999999999,-87.5786,,,,,,,,,,,,186974,,,,,Good,,,,,,Alive,,,,,,,molly
,,No,,,TK Inventory,OSVI,American hophornbeam,,Good,,,,,,,6,6-12in,,,,,,,,,Ostrya,0101000020110F00005091AB4B529862C15DADE5DF20925341,Yes,N/A,,,,,,Ostrya virginiana,41.79533999999998,-87.578,,,,,,,,,,,,186973,,,,,Good,,,,,,Alive,,,,,,,molly
,,No,,,TK Inventory,ACSA2,Sugar maple,,Good,,,,,,,12,12-18in,,,,,,,,,Acer,0101000020110F0000C2B639834F9862C15DADE5DF20925341,Yes,N/A,,,,,,Acer saccharum,41.79533999999998,-87.5778,,,,,,,,,,,,186972,,,,,Good,,,,,,Alive,,,,,,,molly
,,No,,,TK Inventory,ACSA2,Sugar maple,,Good,,,,,,,6,6-12in,,,,,,,,,Acer,0101000020110F00006A468FDC579862C15DADE5DF20925341,Yes,N/A,,,,,,Acer saccharum,41.79533999999998,-87.5784,,,,,,,,,,,,186971,,,,,Good,,,,,,Alive,,,,,,,molly
,,No,,,TK Inventory,ACSA2,Sugar maple,,Good,,,,,,,6,6-12in,,,,,,,,,Acer,0101000020110F0000F62001A55A9862C166C4558020925341,Yes,N/A,,,,,,Acer saccharum,41.79533,-87.5786,,,,,,,,,,,,186970,,,,,Good,,,,,,Alive,,,,,,,molly
,,No,,,TK Inventory,ACSA2,Sugar maple,,Good,,,,,,,3,3-6in,,,,,,,,,Acer,0101000020110F00003D0E3A095C9862C161F535C11F925341,Yes,N/A,,,,,,Acer saccharum,41.79531,-87.5787,,,,,,,,,,,,186969,,,,,Good,,,,,,Alive,,,,,,,molly
,,No,,,TK Inventory,CR,Hawthorn,,Good,,,,,,,3,3-6in,,,,,,,,,Crataegus,0101000020110F00007178012B679862C1E348B5BD22925341,Yes,N/A,,,,,,Crataegus,41.795389999999976,-87.5795,,,,,,,,,,,,186968,,,,,Good,,,,,,Alive,,,,,,,molly
,,No,,,TK Inventory,ACSA2,Sugar maple,,Good,,,,,,,12,12-18in,,,,,,,,,Acer,0101000020110F000084FB726D5D9862C11C5E180919925341,Yes,N/A,,,,,,Acer saccharum,41.79512999999999,-87.5788,,,,,,,,,,,,186967,,,,,Good,,,,,,Alive,,,,,,,molly
,,No,,,TK Inventory,PODE,Eastern cottonwood,,Fair,,,,,,,36,>30in,,,,,,,,,Populus,0101000020110F0000B9653A8F689862C136A5B6E46E925341,Yes,N/A,,,,,,Populus deltoides,41.797430000000006,-87.5796,,,,,,,,,,,,186966,,,,,Good,,,,,,Alive,,,,,,,molly
,,No,,,TK Inventory,ULS,Elm,,Fair,,,,,,,12,12-18in,,,,,,,,,Ulmus,0101000020110F0000DB4C906E7D9862C18469A0886B925341,Yes,N/A,,,,,,Ulmus,41.797340000000005,-87.5811,,,,,,,,,,,,186965,,,,,Good,,,,,,Alive,,,,,,,molly
,,No,,,TK Inventory,ACSA2,Sugar maple,,Fair,,,,,,,6,6-12in,,,,,,,,,Acer,0101000020110F00007178012B679862C1B16D3C4B69925341,Yes,N/A,,,,,,Acer saccharum,41.79728,-87.5795,,,,,,,,,,,,186964,,,,,Good,,,,,,Alive,,,,,,,molly
,,No,,,TK Inventory,ACSA2,Sugar maple,,Fair,,,,,,,12,12-18in,,,,,,,,,Acer,0101000020110F00009EB056FE629862C15AD9F9CC67925341,Yes,N/A,,,,,,Acer saccharum,41.797239999999995,-87.5792,,,,,,,,,,,,186963,,,,,Good,,,,,,Alive,,,,,,,molly
,,No,,,TK Inventory,CR,Hawthorn,,Fair,,,,,,,6,6-12in,,,,,,,,,Crataegus,0101000020110F0000E59D8F62649862C10B95D80D67925341,Yes,N/A,,,,,,Crataegus,41.79721999999998,-87.5793,,,,,,,,,,,,186962,,,,,Good,,,,,,Alive,,,,,,,molly
,,No,,,TK Inventory,ULPU,Siberian elm,,Fair,,,,,,,1,0-3in,,,,,,,,,Ulmus,0101000020110F0000F62001A55A9862C1CA8029595D925341,Yes,N/A,,,,,,Ulmus pumila,41.79695999999997,-87.5786,,,,,,,,,,,,186961,,,,,Good,,,,,,Alive,,,,,,,molly
,,No,,,TK Inventory,CR,Hawthorn,,Fair,,,,,,,6,6-12in,,,,,,,,,Crataegus,0101000020110F000023595678569862C12C354F8255925341,Yes,N/A,,,,,,Crataegus,41.796749999999996,-87.5783,,,,,,,,,,,,186960,,,,,Good,,,,,,Alive,,,,,,,molly
,,No,,,TK Inventory,ACRU,Red maple,,Fair,,,,,,,1,0-3in,,,,,,,,,Acer,0101000020110F0000A1CFE3A33A9862C17DBACB8552925341,Yes,N/A,,,,,,Acer rubrum,41.796670000000006,-87.5763,,,,,,,,,,,,186959,,,,,Good,,,,,,Alive,,,,,,,molly
,,No,,,TK Inventory,CR,Hawthorn,,Fair,,,,,,,6,6-12in,,,,,,,,,Crataegus,0101000020110F000011D6E435609862C1894F3B2652925341,Yes,N/A,,,,,,Crataegus,41.79665999999999,-87.579,,,,,,,,,,,,186958,,,,,Good,,,,,,Alive,,,,,,,molly
,,No,,,TK Inventory,TICO,Littleleaf linden,,Fair,,,,,,,24,24-30in,,,,,,,,,Tilia,0101000020110F000011D6E435609862C16019840E4B925341,Yes,N/A,,,,,,Tilia cordata,41.79647,-87.579,,,,,,,,,,,,186957,,,,,Good,,,,,,Alive,,,,,,,molly
,,No,,,TK Inventory,CEOC,Common hackberry,,Fair,,,,,,,36,>30in,,,,,,,,,Celtis,0101000020110F000036DCC7BA4C9862C1296EB23049925341,Yes,N/A,,,,,,Celtis occidentalis,41.79641999999998,-87.5776,,,,,,,,,,,,186956,,,,,Good,,,,,,Alive,,,,,,,molly
,,No,,,TK Inventory,ACSA2,Sugar maple,,Fair,,,,,,,12,12-18in,,,,,,,,,Acer,0101000020110F0000967EE4AF539862C1296EB23049925341,Yes,N/A,,,,,,Acer saccharum,41.79641999999998,-87.5781,,,,,,,,,,,,186955,,,,,Good,,,,,,Alive,,,,,,,molly
,,No,,,TK Inventory,ACSA2,Sugar maple,,Fair,,,,,,,6,6-12in,,,,,,,,,Acer,0101000020110F0000967EE4AF539862C1296EB23049925341,Yes,N/A,,,,,,Acer saccharum,41.79641999999998,-87.5781,,,,,,,,,,,,186954,,,,,Good,,,,,,Alive,,,,,,,molly
,,No,,,TK Inventory,ACSA2,Sugar maple,,Fair,,,,,,,12,12-18in,,,,,,,,,Acer,0101000020110F0000967EE4AF539862C19279011248925341,Yes,N/A,,,,,,Acer saccharum,41.796389999999995,-87.5781,,,,,,,,,,,,186953,,,,,Good,,,,,,Alive,,,,,,,molly
,,No,,,TK Inventory,MA2,Crabapple,,Fair,,,,,,,3,3-6in,,,,,,,,,Malus,0101000020110F00008E4C7261449862C1C58D50F346925341,Yes,N/A,,,,,,Malus,41.796359999999986,-87.577,,,,,,,,,,,,186952,,,,,Good,,,,,,Alive,,,,,,,molly
,,No,,,TK Inventory,OSVI,American hophornbeam,,Fair,,,,,,,12,12-18in,,,,,,,,,Ostrya,0101000020110F00002DAA556C3D9862C110AE245728925341,Yes,N/A,,,,,,Ostrya virginiana,41.79554000000001,-87.5765,,,,,,,,,,,,186951,,,,,Good,,,,,,Alive,,,,,,,molly
,,No,,,TK Inventory,ACSA2,Sugar maple,,Fair,,,,,,,12,12-18in,,,,,,,,,Acer,0101000020110F000074978ED03E9862C18AB194F727925341,Yes,N/A,,,,,,Acer saccharum,41.79553000000001,-87.5766,,,,,,,,,,,,186950,,,,,Good,,,,,,Alive,,,,,,,molly
,,No,,,TK Inventory,ACSA2,Sugar maple,,Fair,,,,,,,12,12-18in,,,,,,,,,Acer,0101000020110F000074978ED03E9862C16FBB743827925341,Yes,N/A,,,,,,Acer saccharum,41.79550999999999,-87.5766,,,,,,,,,,,,186949,,,,,Good,,,,,,Alive,,,,,,,molly
,,No,,,TK Inventory,ACSA2,Sugar maple,,Fair,,,,,,,6,6-12in,,,,,,,,,Acer,0101000020110F00008E4C7261449862C14EABF4342A925341,Yes,N/A,,,,,,Acer saccharum,41.795590000000004,-87.577,,,,,,,,,,,,186948,,,,,Good,,,,,,Alive,,,,,,,molly
,,No,,,TK Inventory,ACSA2,Sugar maple,,Fair,,,,,,,6,6-12in,,,,,,,,,Acer,0101000020110F00008E4C7261449862C1E5A964D529925341,Yes,N/A,,,,,,Acer saccharum,41.79558,-87.577,,,,,,,,,,,,186947,,,,,Good,,,,,,Alive,,,,,,,molly
,,No,,,TK Inventory,ACSA2,Sugar maple,,Fair,,,,,,,6,6-12in,,,,,,,,,Acer,0101000020110F00008E4C7261449862C18AB194F727925341,Yes,N/A,,,,,,Acer saccharum,41.79553000000001,-87.577,,,,,,,,,,,,186946,,,,,Good,,,,,,Alive,,,,,,,molly
,,No,,,TK Inventory,MA2,Crabapple,,Fair,,,,,,,1,0-3in,,,,,,,,,Malus,0101000020110F00001B27E429479862C176F52F3446925341,Yes,N/A,,,,,,Malus,41.79634,-87.5772,,,,,,,,,,,,186945,,,,,Good,,,,,,Alive,,,,,,,molly
,,No,,,TK Inventory,CR,Hawthorn,,Fair,,,,,,,3,3-6in,,,,,,,,,Crataegus,0101000020110F0000F62001A55A9862C176F52F3446925341,Yes,N/A,,,,,,Crataegus,41.79634,-87.5786,,,,,,,,,,,,186944,,,,,Good,,,,,,Alive,,,,,,,molly
,,No,,,TK Inventory,GIBI,Ginkgo,,Fair,,,,,,,12,12-18in,,,,,,,,,Ginkgo,0101000020110F000001720099419862C1C1AA9FD445925341,Yes,N/A,,,,,,Ginkgo biloba,41.796329999999976,-87.5768,,,,,,,,,,,,186943,,,,,Good,,,,,,Alive,,,,,,,molly
,,No,,,TK Inventory,ACSA2,Sugar maple,,Fair,,,,,,,12,12-18in,,,,,,,,,Acer,0101000020110F00003D0E3A095C9862C18DD0EEB544925341,Yes,N/A,,,,,,Acer saccharum,41.79629999999998,-87.5787,,,,,,,,,,,,186942,,,,,Good,,,,,,Alive,,,,,,,molly
,,No,,,TK Inventory,ULS,Elm,,Fair,,,,,,,3,3-6in,,,,,,,,,Ulmus,0101000020110F00007178012B679862C1AABF2B3B40925341,Yes,N/A,,,,,,Ulmus,41.79618,-87.5795,,,,,,,,,,,,186941,,,,,Good,,,,,,Alive,,,,,,,molly
,,No,,,TK Inventory,CEOC,Common hackberry,,Fair,,,,,,,12,12-18in,,,,,,,,,Celtis,0101000020110F00007178012B679862C1AFB4576438925341,Yes,N/A,,,,,,Celtis occidentalis,41.79596999999998,-87.5795,,,,,,,,,,,,186940,,,,,Good,,,,,,Alive,,,,,,,molly
,,No,,,TK Inventory,TICO,Littleleaf linden,,Fair,,,,,,,24,24-30in,,,,,,,,,Tilia,0101000020110F00007178012B679862C1C59BD66735925341,Yes,N/A,,,,,,Tilia cordata,41.79589,-87.5795,,,,,,,,,,,,186939,,,,,Good,,,,,,Alive,,,,,,,molly
,,No,,,TK Inventory,MO,Mulberry,,Fair,,,,,,,24,24-30in,,,,,,,,,Morus,0101000020110F00007178012B679862C1C59BD66735925341,Yes,N/A,,,,,,Morus,41.79589,-87.5795,,,,,,,,,,,,186938,,,,,Good,,,,,,Alive,,,,,,,molly
,,No,,,TK Inventory,ACSA2,Sugar maple,,Fair,,,,,,,6,6-12in,,,,,,,,,Acer,0101000020110F000059E2AA3F399862C14F5FB6A834925341,Yes,N/A,,,,,,Acer saccharum,41.795869999999994,-87.5762,,,,,,,,,,,,186937,,,,,Good,,,,,,Alive,,,,,,,molly
,,No,,,TK Inventory,CACA,American hornbeam,,Fair,,,,,,,3,3-6in,,,,,,,,,Carpinus,0101000020110F00004640AC576B9862C112EF94F02D925341,Yes,N/A,,,,,,Carpinus caroliniana,41.79568999999999,-87.5798,,,,,,,,,,,,186936,,,,,Good,,,,,,Alive,,,,,,,molly
,,No,,,TK Inventory,ACSA2,Sugar maple,,Fair,,,,,,,12,12-18in,,,,,,,,,Acer,0101000020110F0000861A0013359862C13BC854722C925341,Yes,N/A,,,,,,Acer saccharum,41.79564999999999,-87.5759,,,,,,,,,,,,186935,,,,,Good,,,,,,Alive,,,,,,,molly
,,No,,,TK Inventory,ACSA2,Sugar maple,,Fair,,,,,,,12,12-18in,,,,,,,,,Acer,0101000020110F000059E2AA3F399862C104AA441629925341,Yes,N/A,,,,,,Acer saccharum,41.79555999999999,-87.5762,,,,,,,,,,,,186934,,,,,Good,,,,,,Alive,,,,,,,molly
,,No,,,TK Inventory,GLTR,Honey locust,,Fair,,,,,,,24,24-30in,,,,,,,,,Gleditsia,0101000020110F0000C097ACDD779862C1FDB5049827925341,Yes,N/A,,,,,,Gleditsia triacanthos,41.79551999999998,-87.5807,,,,,,,,,,,,186933,,,,,Good,,,,,,Alive,,,,,,,molly
,,No,,,TK Inventory,GIBI,Ginkgo,,Fair,,,,,,,12,12-18in,,,,,,,,,Ginkgo,0101000020110F0000EDCF01B1739862C13CC9547926925341,Yes,N/A,,,,,,Ginkgo biloba,41.795489999999994,-87.5804,,,,,,,,,,,,186932,,,,,Good,,,,,,Alive,,,,,,,molly
,,No,,,TK Inventory,ACSA2,Sugar maple,,Good,,,,,,,12,12-18in,,,,,,,,,Acer,0101000020110F000011D6E435609862C196148A0751925341,Yes,N/A,,,,,,Acer saccharum,41.79662999999999,-87.579,,,,,,,,,,,,186931,,,,,Good,,,,,,Alive,,,,,,,molly
,,No,,,TK Inventory,ACFR,Freeman maple,,Good,,,,,,,6,6-12in,,,,,,,,,Acer,0101000020110F000058C31D9A619862C18CADF9A750925341,Yes,N/A,,,,,,Acer x freemanii,41.796619999999976,-87.5791,,,,,,,,,,,,186930,,,,,Good,,,,,,Alive,,,,,,,molly
,,No,,,TK Inventory,ACSA2,Sugar maple,,Good,,,,,,,12,12-18in,,,,,,,,,Acer,0101000020110F0000B133C840599862C16BE2D8E84F925341,Yes,N/A,,,,,,Acer saccharum,41.79659999999998,-87.5785,,,,,,,,,,,,186929,,,,,Good,,,,,,Alive,,,,,,,molly
,,No,,,TK Inventory,CEOC,Common hackberry,,Good,,,,,,,12,12-18in,,,,,,,,,Celtis,0101000020110F000009A472E7509862C1547E48894F925341,Yes,N/A,,,,,,Celtis occidentalis,41.796589999999995,-87.5779,,,,,,,,,,,,186928,,,,,Good,,,,,,Alive,,,,,,,molly
,,No,,,TK Inventory,ACRU,Red maple,,Good,,,,,,,3,3-6in,,,,,,,,,Acer,0101000020110F0000861A0013359862C1A81B22D148925341,Yes,N/A,,,,,,Acer rubrum,41.796409999999995,-87.5759,,,,,,,,,,,,186927,,,,,Good,,,,,,Alive,,,,,,,molly
,,No,,,TK Inventory,ACSA2,Sugar maple,,Good,,,,,,,6,6-12in,,,,,,,,,Acer,0101000020110F00003F2DC7AE339862C122CA917148925341,Yes,N/A,,,,,,Acer saccharum,41.796400000000006,-87.5758,,,,,,,,,,,,186926,,,,,Good,,,,,,Alive,,,,,,,molly
,,No,,,TK Inventory,ACSA2,Sugar maple,,Good,,,,,,,24,24-30in,,,,,,,,,Acer,0101000020110F0000475F39FD429862C122CA917148925341,Yes,N/A,,,,,,Acer saccharum,41.796400000000006,-87.5769,,,,,,,,,,,,186925,,,,,Good,,,,,,Alive,,,,,,,molly
,,No,,,TK Inventory,ACSA2,Sugar maple,,Good,,,,,,,12,12-18in,,,,,,,,,Acer,0101000020110F000036DCC7BA4C9862C19279011248925341,Yes,N/A,,,,,,Acer saccharum,41.796389999999995,-87.5776,,,,,,,,,,,,186924,,,,,Good,,,,,,Alive,,,,,,,molly
,,No,,,TK Inventory,MA2,Crabapple,,Good,,,,,,,1,0-3in,,,,,,,,,Malus,0101000020110F00001B27E429479862C1002A71B247925341,Yes,N/A,,,,,,Malus,41.79638,-87.5772,,,,,,,,,,,,186923,,,,,Good,,,,,,Alive,,,,,,,molly
,,No,,,TK Inventory,GLTR,Honey locust,,Good,,,,,,,6,6-12in,,,,,,,,,Gleditsia,0101000020110F0000C097ACDD779862C1002A71B247925341,Yes,N/A,,,,,,Gleditsia triacanthos,41.79638,-87.5807,,,,,,,,,,,,186922,,,,,Good,,,,,,Alive,,,,,,,molly
,,No,,,TK Inventory,OSVI,American hophornbeam,,Good,,,,,,,6,6-12in,,,,,,,,,Ostrya,0101000020110F00005091AB4B529862C1286E95FE21925341,Yes,N/A,,,,,,Ostrya virginiana,41.79537,-87.578,,,,,,,,,,,,186921,,,,,Good,,,,,,Alive,,,,,,,molly
,,No,,,TK Inventory,CR,Hawthorn,,Poor,,,,,,,1,0-3in,,,,,,,,,Crataegus,0101000020110F0000FF5273F3699862C101DD55EC4C925341,Yes,N/A,,,,,,Crataegus,41.796519999999994,-87.5797,,,,,,,,,,,,186920,,,,,Good,,,,,,Alive,,,,,,,molly
,,No,,,TK Inventory,ACSA1,Silver maple,,Poor,,,,,,,6,6-12in,,,,,,,,,Acer,0101000020110F0000475F39FD429862C16B25352D4C925341,Yes,N/A,,,,,,Acer saccharinum,41.796499999999995,-87.5769,,,,,,,,,,,,186919,,,,,Good,,,,,,Alive,,,,,,,molly
,,No,,,TK Inventory,ACFR,Freeman maple,,Poor,,,,,,,3,3-6in,,,,,,,,,Acer,0101000020110F0000EDCF01B1739862C165C1556B32925341,Yes,N/A,,,,,,Acer x freemanii,41.79581000000002,-87.5804,,,,,,,,,,,,186918,,,,,Good,,,,,,Alive,,,,,,,molly
,,No,,,TK Inventory,TIAM,American linden,,Good,,,,,,,1,0-3in,,,,,,,,,Tilia,0101000020110F000036DCC7BA4C9862C15397753F21925341,Yes,N/A,,,,,,Tilia americana,41.79535,-87.5776,,,,,,,,,,,,186917,,,,,Good,,,,,,Alive,,,,,,,molly
,,No,,,TK Inventory,CR,Hawthorn,,Fair,,,,,,,3,3-6in,,,,,,,,,Crataegus,0101000020110F00004640AC576B9862C118CBA4CD4B925341,Yes,N/A,,,,,,Crataegus,41.79649,-87.5798,,,,,,,,,,,,186916,,,,,Good,,,,,,Alive,,,,,,,molly
,,No,,,TK Inventory,CEOC,Common hackberry,,Good,,,,,,,12,12-18in,,,,,,,,,Celtis,0101000020110F00008C2DE5BB6C9862C110AE245728925341,Yes,N/A,,,,,,Celtis occidentalis,41.79554000000001,-87.5799,,,,,,,,,,,,186915,,,,,Good,,,,,,Alive,,,,,,,molly
,,No,,,TK Inventory,ACSA2,Sugar maple,,Good,,,,,,,6,6-12in,,,,,,,,,Acer,0101000020110F000084FB726D5D9862C110AE245728925341,Yes,N/A,,,,,,Acer saccharum,41.79554000000001,-87.5788,,,,,,,,,,,,186914,,,,,Good,,,,,,Alive,,,,,,,molly
,,No,,,TK Inventory,CEOC,Common hackberry,,Good,,,,,,,6,6-12in,,,,,,,,,Celtis,0101000020110F000033BD3A15759862C16FBB743827925341,Yes,N/A,,,,,,Celtis occidentalis,41.79550999999999,-87.5805,,,,,,,,,,,,186913,,,,,Good,,,,,,Alive,,,,,,,molly
,,No,,,TK Inventory,GLTR,Honey locust,,Good,,,,,,,1,0-3in,,,,,,,,,Gleditsia,0101000020110F0000CC073977369862C13CC9547926925341,Yes,N/A,,,,,,Gleditsia triacanthos,41.795489999999994,-87.576,,,,,,,,,,,,186912,,,,,Good,,,,,,Alive,,,,,,,molly
,,No,,,TK Inventory,CR,Hawthorn,,Good,,,,,,,6,6-12in,,,,,,,,,Crataegus,0101000020110F00007CC9001F4E9862C199D1C41926925341,Yes,N/A,,,,,,Crataegus,41.795479999999976,-87.5777,,,,,,,,,,,,186911,,,,,Good,,,,,,Alive,,,,,,,molly
,,No,,,TK Inventory,MA2,Crabapple,,Good,,,,,,,1,0-3in,,,,,,,,,Malus,0101000020110F0000FF5273F3699862C144D9E5CA32925341,Yes,N/A,,,,,,Malus,41.795820000000006,-87.5797,,,,,,,,,,,,186910,,,,,Good,,,,,,Alive,,,,,,,molly
,,No,,,TK Inventory,ACFR,Freeman maple,,Good,,,,,,,12,12-18in,,,,,,,,,Acer,0101000020110F00009EB056FE629862C1FFEF25856E925341,Yes,N/A,,,,,,Acer x freemanii,41.79741999999999,-87.5792,,,,,,,,,,,,186909,,,,,Good,,,,,,Alive,,,,,,,molly
,,No,,,TK Inventory,AEGL,Ohio buckeye,,Good,,,,,,,6,6-12in,,,,,,,,,Aesculus,0101000020110F0000DB4C906E7D9862C1C53B95256E925341,Yes,N/A,,,,,,Aesculus glabra,41.79741,-87.5811,,,,,,,,,,,,186908,,,,,Good,,,,,,Alive,,,,,,,molly
,,No,,,TK Inventory,ULS,Elm,,Good,,,,,,,3,3-6in,,,,,,,,,Ulmus,0101000020110F000033BD3A15759862C1828804C66D925341,Yes,N/A,,,,,,Ulmus,41.79739999999999,-87.5805,,,,,,,,,,,,186907,,,,,Good,,,,,,Alive,,,,,,,molly
,,No,,,TK Inventory,ACFR,Freeman maple,,Good,,,,,,,12,12-18in,,,,,,,,,Acer,0101000020110F00007178012B679862C1AB117FC96A925341,Yes,N/A,,,,,,Acer x freemanii,41.79732,-87.5795,,,,,,,,,,,,186906,,,,,Good,,,,,,Alive,,,,,,,molly
,,No,,,TK Inventory,MA2,Crabapple,,Good,,,,,,,6,6-12in,,,,,,,,,Malus,0101000020110F000033BD3A15759862C13A73089A5C925341,Yes,N/A,,,,,,Malus,41.79694,-87.5805,,,,,,,,,,,,186905,,,,,Good,,,,,,Alive,,,,,,,molly
,,No,,,TK Inventory,ULS,Elm,,Good,,,,,,,3,3-6in,,,,,,,,,Ulmus,0101000020110F0000190857846F9862C12DE6567B5B925341,Yes,N/A,,,,,,Ulmus,41.79690999999998,-87.5801,,,,,,,,,,,,186904,,,,,Good,,,,,,Alive,,,,,,,molly
,,No,,,TK Inventory,ULPU,Siberian elm,,Good,,,,,,,1,0-3in,,,,,,,,,Ulmus,0101000020110F00006A468FDC579862C1CB63C61B5B925341,Yes,N/A,,,,,,Ulmus pumila,41.796899999999994,-87.5784,,,,,,,,,,,,186903,,,,,Good,,,,,,Alive,,,,,,,molly
,,No,,,TK Inventory,ACFR,Freeman maple,,Good,,,,,,,6,6-12in,,,,,,,,,Acer,0101000020110F00006A468FDC579862C1CB63C61B5B925341,Yes,N/A,,,,,,Acer x freemanii,41.796899999999994,-87.5784,,,,,,,,,,,,186902,,,,,Good,,,,,,Alive,,,,,,,molly
,,No,,,TK Inventory,ULS,Elm,,Good,,,,,,,3,3-6in,,,,,,,,,Ulmus,0101000020110F0000D21A1E206E9862C161E235BC5A925341,Yes,N/A,,,,,,Ulmus,41.79689,-87.58,,,,,,,,,,,,186901,,,,,Good,,,,,,Alive,,,,,,,molly
,,No,,,TK Inventory,AEHI,Horsechestnut,,Good,,,,,,,24,24-30in,,,,,,,,,Aesculus,0101000020110F0000C097ACDD779862C161E235BC5A925341,Yes,N/A,,,,,,Aesculus hippocastanum,41.79689,-87.5807,,,,,,,,,,,,186900,,,,,Good,,,,,,Alive,,,,,,,molly
,,No,,,TK Inventory,ULPU,Siberian elm,,Fair,,,,,,,1,0-3in,,,,,,,,,Ulmus,0101000020110F0000F62001A55A9862C18E69E7DA5B925341,Yes,N/A,,,,,,Ulmus pumila,41.79692,-87.5786,,,,,,,,,,,,186899,,,,,Good,,,,,,Alive,,,,,,,molly
,,No,,,TK Inventory,ACSA2,Sugar maple,,Fair,,,,,,,12,12-18in,,,,,,,,,Acer,0101000020110F0000475F39FD429862C1F8C1F3AE4A925341,Yes,N/A,,,,,,Acer saccharum,41.79645999999999,-87.5769,,,,,,,,,,,,186898,,,,,Good,,,,,,Alive,,,,,,,molly
,,No,,,TK Inventory,ACSA2,Sugar maple,,Good,,,,,,,6,6-12in,,,,,,,,,Acer,0101000020110F0000EEEE8E564B9862C1002A71B247925341,Yes,N/A,,,,,,Acer saccharum,41.79638,-87.5775,,,,,,,,,,,,186897,,,,,Good,,,,,,Alive,,,,,,,molly
,,No,,,TK Inventory,TICO,Littleleaf linden,,Good,,,,,,,24,24-30in,,,,,,,,,Tilia,0101000020110F000011D6E435609862C164DBE05247925341,Yes,N/A,,,,,,Tilia cordata,41.79636999999999,-87.579,,,,,,,,,,,,186896,,,,,Good,,,,,,Alive,,,,,,,molly
,,No,,,TK Inventory,QUMA1,Bur oak,,Good,,,,,,,6,6-12in,,,,,,,,,Quercus,0101000020110F00008C2DE5BB6C9862C164DBE05247925341,Yes,N/A,,,,,,Quercus macrocarpa,41.79636999999999,-87.5799,,,,,,,,,,,,186895,,,,,Good,,,,,,Alive,,,,,,,molly
,,No,,,TK Inventory,ACSA2,Sugar maple,,Good,,,,,,,12,12-18in,,,,,,,,,Acer,0101000020110F000023595678569862C164DBE05247925341,Yes,N/A,,,,,,Acer saccharum,41.79636999999999,-87.5783,,,,,,,,,,,,186894,,,,,Good,,,,,,Alive,,,,,,,molly
,,No,,,TK Inventory,TICO,Littleleaf linden,,Poor,,,,,,,24,24-30in,,,,,,,,,Tilia,0101000020110F00009EB056FE629862C1A81B22D148925341,Yes,N/A,,,,,,Tilia cordata,41.796409999999995,-87.5792,,,,,,,,,,,,186893,,,,,Good,,,,,,Alive,,,,,,,molly
,,No,,,TK Inventory,FRPE,Green ash,,Poor,,,,,,,12,12-18in,,,,,,,,,Fraxinus,0101000020110F000009A472E7509862C1002A71B247925341,Yes,N/A,,,,,,Fraxinus pennsylvanica,41.79638,-87.5779,,,,,,,,,,,,186892,,,,,Good,,,,,,Alive,,,,,,,molly
,,No,,,TK Inventory,MOAL,White mulberry,,Poor,,,,,,,36,>30in,,,,,,,,,Morus,0101000020110F000009A472E7509862C124FF3D9743925341,Yes,N/A,,,,,,Morus alba,41.79627,-87.5779,,,,,,,,,,,,186891,,,,,Good,,,,,,Alive,,,,,,,molly
,,No,,,TK Inventory,MO,Mulberry,,Good,,,,,,,3,3-6in,,,,,,,,,Morus,0101000020110F0000FF5273F3699862C149BBAD3743925341,Yes,N/A,,,,,,Morus,41.79625999999998,-87.5797,,,,,,,,,,,,186890,,,,,Good,,,,,,Alive,,,,,,,molly
,,No,,,TK Inventory,GIBI,Ginkgo,,Good,,,,,,,12,12-18in,,,,,,,,,Ginkgo,0101000020110F0000B9653A8F689862C149BBAD3743925341,Yes,N/A,,,,,,Ginkgo biloba,41.79625999999998,-87.5796,,,,,,,,,,,,186889,,,,,Good,,,,,,Alive,,,,,,,molly
,,No,,,TK Inventory,ACSA2,Sugar maple,,Good,,,,,,,3,3-6in,,,,,,,,,Acer,0101000020110F00007178012B679862C149BBAD3743925341,Yes,N/A,,,,,,Acer saccharum,41.79625999999998,-87.5795,,,,,,,,,,,,186888,,,,,Good,,,,,,Alive,,,,,,,molly
,,No,,,TK Inventory,MA2,Crabapple,,Good,,,,,,,6,6-12in,,,,,,,,,Malus,0101000020110F00004640AC576B9862C1260CD9603B925341,Yes,N/A,,,,,,Malus,41.796049999999994,-87.5798,,,,,,,,,,,,186887,,,,,Good,,,,,,Alive,,,,,,,molly
,,No,,,TK Inventory,MA2,Crabapple,,Good,,,,,,,3,3-6in,,,,,,,,,Malus,0101000020110F0000FF5273F3699862C179BB66C735925341,Yes,N/A,,,,,,Malus,41.79590000000001,-87.5797,,,,,,,,,,,,186886,,,,,Good,,,,,,Alive,,,,,,,molly
,,No,,,TK Inventory,MO,Mulberry,,Good,,,,,,,24,24-30in,,,,,,,,,Morus,0101000020110F00008C2DE5BB6C9862C1C59BD66735925341,Yes,N/A,,,,,,Morus,41.79589,-87.5799,,,,,,,,,,,,186885,,,,,Good,,,,,,Alive,,,,,,,molly
,,No,,,TK Inventory,MO,Mulberry,,Good,,,,,,,36,>30in,,,,,,,,,Morus,0101000020110F00008C2DE5BB6C9862C1C59BD66735925341,Yes,N/A,,,,,,Morus,41.79589,-87.5799,,,,,,,,,,,,186884,,,,,Good,,,,,,Alive,,,,,,,molly
,,No,,,TK Inventory,MA2,Crabapple,,Good,,,,,,,1,0-3in,,,,,,,,,Malus,0101000020110F0000FF5273F3699862C1C59BD66735925341,Yes,N/A,,,,,,Malus,41.79589,-87.5797,,,,,,,,,,,,186883,,,,,Good,,,,,,Alive,,,,,,,molly
,,No,,,TK Inventory,ACSA2,Sugar maple,,Good,,,,,,,6,6-12in,,,,,,,,,Acer,0101000020110F000013F571DB379862C1C59BD66735925341,Yes,N/A,,,,,,Acer saccharum,41.79589,-87.5761,,,,,,,,,,,,186882,,,,,Good,,,,,,Alive,,,,,,,molly
,,No,,,TK Inventory,ULPU,Siberian elm,,Good,,,,,,,12,12-18in,,,,,,,,,Ulmus,0101000020110F000060F58FE8709862C1C22696E933925341,Yes,N/A,,,,,,Ulmus pumila,41.795849999999994,-87.5802,,,,,,,,,,,,186881,,,,,Good,,,,,,Alive,,,,,,,molly
,,No,,,TK Inventory,CR,Hawthorn,,Good,,,,,,,6,6-12in,,,,,,,,,Crataegus,0101000020110F00008C2DE5BB6C9862C1F00B068A33925341,Yes,N/A,,,,,,Crataegus,41.79583999999997,-87.5799,,,,,,,,,,,,186880,,,,,Good,,,,,,Alive,,,,,,,molly
,,No,,,TK Inventory,ACGI,Amur Maple,,Good,,,,,,,3,3-6in,,,,,,,,,Acer,0101000020110F0000A80156F2499862C14893EC4453925341,Yes,N/A,,,,,,Acer ginnala,41.79668999999998,-87.5774,,,,,,,,,,,,186879,,,,,Good,,,,,,Alive,,,,,,,molly
,,No,,,TK Inventory,CR,Hawthorn,,Good,,,,,,,3,3-6in,,,,,,,,,Crataegus,0101000020110F00007178012B679862C1B0BA34B32B925341,Yes,N/A,,,,,,Crataegus,41.79563,-87.5795,,,,,,,,,,,,186878,,,,,Good,,,,,,Alive,,,,,,,molly
,,No,,,TK Inventory,AEHI,Horsechestnut,,Good,,,,,,,6,6-12in,,,,,,,,,Aesculus,0101000020110F0000EDCF01B1739862C1B0BA34B32B925341,Yes,N/A,,,,,,Aesculus hippocastanum,41.79563,-87.5804,,,,,,,,,,,,186877,,,,,Good,,,,,,Alive,,,,,,,molly
,,No,,,TK Inventory,MA2,Crabapple,,Good,,,,,,,3,3-6in,,,,,,,,,Malus,0101000020110F00004640AC576B9862C15FB5A4532B925341,Yes,N/A,,,,,,Malus,41.79562000000001,-87.5798,,,,,,,,,,,,186876,,,,,Good,,,,,,Alive,,,,,,,molly
,,No,,,TK Inventory,ACSA1,Silver maple,,Good,,,,,,,24,24-30in,,,,,,,,,Acer,0101000020110F00007AAA7379769862C108B114F42A925341,Yes,N/A,,,,,,Acer saccharinum,41.79560999999999,-87.5806,,,,,,,,,,,,186875,,,,,Good,,,,,,Alive,,,,,,,molly
